site_code,sample_id,site_id,day,month,year,Date,day_of_year,country,season,Latitude,Longitude,Heavily_modified,river_type,EQR,EQC
LTR1_2010,LTR1_2010_4.10.2010,LTR1,4,10,2010,4.10.2010,277,Lithuania,autumn,54.0306,23.9684,No,4,0.7,Good
LTR1_2012,LTR1_2012_1.10.2012,LTR1,1,10,2012,1.10.2012,275,Lithuania,autumn,54.0306,23.9684,No,4,0.6,Good
LTR1_2013,LTR1_2013_7.10.2013,LTR1,7,10,2013,7.10.2013,280,Lithuania,autumn,54.0306,23.9684,No,4,0.72,Good
LTR1_2014,LTR1_2014_6.10.2014,LTR1,6,10,2014,6.10.2014,279,Lithuania,autumn,54.0306,23.9684,No,4,0.54,Moderate
LTR1_2015,LTR1_2015_5.10.2015,LTR1,5,10,2015,5.10.2015,278,Lithuania,autumn,54.0306,23.9684,No,4,0.81,Very good
LTR1_2016,LTR1_2016_3.10.2016,LTR1,3,10,2016,3.10.2016,277,Lithuania,autumn,54.0306,23.9684,No,4,0.51,Moderate
LTR1_2017,LTR1_2017_2.10.2017,LTR1,2,10,2017,2.10.2017,275,Lithuania,autumn,54.0306,23.9684,No,4,0.63,Good
LTR1_2020,LTR1_2020_5.10.2020,LTR1,5,10,2020,5.10.2020,279,Lithuania,autumn,54.0306,23.9684,No,4,0.54,Moderate
LTR105_2010,LTR105_2010_27.9.2010,LTR105,27,9,2010,27.9.2010,270,Lithuania,autumn,55.2845,26.7849,No,2,0.44,Moderate
LTR105_2012,LTR105_2012_26.9.2012,LTR105,26,9,2012,26.9.2012,270,Lithuania,autumn,55.2845,26.7849,No,2,0.72,Good
LTR105_2013,LTR105_2013_16.9.2013,LTR105,16,9,2013,16.9.2013,259,Lithuania,autumn,55.2845,26.7849,No,2,0.62,Good
LTR105_2014,LTR105_2014_23.9.2014,LTR105,23,9,2014,23.9.2014,266,Lithuania,autumn,55.2845,26.7849,No,2,0.68,Good
LTR105_2015,LTR105_2015_21.9.2015,LTR105,21,9,2015,21.9.2015,264,Lithuania,autumn,55.2845,26.7849,No,2,0.7,Good
LTR105_2016,LTR105_2016_26.9.2016,LTR105,26,9,2016,26.9.2016,270,Lithuania,autumn,55.2845,26.7849,No,2,0.67,Good
LTR105_2017,LTR105_2017_25.10.2017,LTR105,25,10,2017,25.10.2017,298,Lithuania,autumn,55.2845,26.7849,No,2,0.59,Moderate
LTR105_2020,LTR105_2020_22.9.2020,LTR105,22,9,2020,22.9.2020,266,Lithuania,autumn,55.2845,26.7849,No,2,0.58,Moderate
LTR11_2010,LTR11_2010_6.10.2010,LTR11,6,10,2010,6.10.2010,279,Lithuania,autumn,55.0701,22.578,Yes,4,0.42,Moderate
LTR11_2012,LTR11_2012_3.10.2012,LTR11,3,10,2012,3.10.2012,277,Lithuania,autumn,55.0701,22.578,Yes,4,0.42,Moderate
LTR11_2013,LTR11_2013_9.10.2013,LTR11,9,10,2013,9.10.2013,282,Lithuania,autumn,55.0701,22.578,Yes,4,0.41,Moderate
LTR11_2014,LTR11_2014_8.10.2014,LTR11,8,10,2014,8.10.2014,281,Lithuania,autumn,55.0701,22.578,Yes,4,0.44,Moderate
LTR11_2015,LTR11_2015_7.10.2015,LTR11,7,10,2015,7.10.2015,280,Lithuania,autumn,55.0701,22.578,Yes,4,0.398,Moderate
LTR11_2016,LTR11_2016_5.10.2016,LTR11,5,10,2016,5.10.2016,279,Lithuania,autumn,55.0701,22.578,Yes,4,0.39,Moderate
LTR11_2017,LTR11_2017_4.10.2017,LTR11,4,10,2017,4.10.2017,277,Lithuania,autumn,55.0701,22.578,Yes,4,0.51,Good
LTR11_2020,LTR11_2020_7.10.2020,LTR11,7,10,2020,7.10.2020,281,Lithuania,autumn,55.0701,22.578,Yes,4,0.45,Moderate
LTR127_2010,LTR127_2010_13.10.2010,LTR127,13,10,2010,13.10.2010,286,Lithuania,autumn,55.2913,21.3772,No,4,0.38,Poor
LTR127_2011,LTR127_2011_14.9.2011,LTR127,14,9,2011,14.9.2011,257,Lithuania,autumn,55.2913,21.3772,No,4,0.32,Poor
LTR127_2012,LTR127_2012_12.9.2012,LTR127,12,9,2012,12.9.2012,256,Lithuania,autumn,55.2913,21.3772,No,4,0.33,Poor
LTR127_2013,LTR127_2013_30.9.2013,LTR127,30,9,2013,30.9.2013,273,Lithuania,autumn,55.2913,21.3772,No,4,0.43,Moderate
LTR127_2014,LTR127_2014_15.10.2014,LTR127,15,10,2014,15.10.2014,288,Lithuania,autumn,55.2913,21.3772,No,4,0.33,Poor
LTR127_2015,LTR127_2015_12.10.2015,LTR127,12,10,2015,12.10.2015,285,Lithuania,autumn,55.2913,21.3772,No,4,0.31,Poor
LTR127_2016,LTR127_2016_12.9.2016,LTR127,12,9,2016,12.9.2016,256,Lithuania,autumn,55.2913,21.3772,No,4,0.41,Moderate
LTR127_2017,LTR127_2017_4.10.2017,LTR127,4,10,2017,4.10.2017,277,Lithuania,autumn,55.2913,21.3772,No,4,0.36,Poor
LTR127_2020,LTR127_2020_14.9.2020,LTR127,14,9,2020,14.9.2020,258,Lithuania,autumn,55.2913,21.3772,No,4,0.48,Moderate
LTR1282_2010,LTR1282_2010_6.10.2010,LTR1282,6,10,2010,6.10.2010,279,Lithuania,autumn,55.6678,23.0358,No,3,0.76,Good
LTR1282_2012,LTR1282_2012_17.10.2012,LTR1282,17,10,2012,17.10.2012,291,Lithuania,autumn,55.6678,23.0358,No,3,0.94,Very Good
LTR1282_2013,LTR1282_2013_26.9.2013,LTR1282,26,9,2013,26.9.2013,269,Lithuania,autumn,55.6678,23.0358,No,3,0.95,Very Good
LTR1282_2014,LTR1282_2014_22.9.2014,LTR1282,22,9,2014,22.9.2014,265,Lithuania,autumn,55.6678,23.0358,No,3,0.83,Very good
LTR1282_2015,LTR1282_2015_19.10.2015,LTR1282,19,10,2015,19.10.2015,292,Lithuania,autumn,55.6678,23.0358,No,3,0.98,Very good
LTR1282_2016,LTR1282_2016_28.11.2016,LTR1282,28,11,2016,28.11.2016,333,Lithuania,autumn,55.6678,23.0358,No,3,0.95,Very good
LTR1282_2017,LTR1282_2017_2.10.2017,LTR1282,2,10,2017,2.10.2017,275,Lithuania,autumn,55.6678,23.0358,No,3,0.8,Very good
LTR1282_2020,LTR1282_2020_20.10.2020,LTR1282,20,10,2020,20.10.2020,294,Lithuania,autumn,55.6678,23.0358,No,3,0.44,Moderate
LTR13_2010,LTR13_2010_11.10.2010,LTR13,11,10,2010,11.10.2010,284,Lithuania,autumn,55.2726,21.4106,Yes,4,0.46,Moderate
LTR13_2011,LTR13_2011_12.9.2011,LTR13,12,9,2011,12.9.2011,255,Lithuania,autumn,55.2726,21.4106,Yes,4,0.46,Moderate
LTR13_2012,LTR13_2012_8.10.2012,LTR13,8,10,2012,8.10.2012,282,Lithuania,autumn,55.2726,21.4106,Yes,4,0.42,Moderate
LTR13_2013,LTR13_2013_30.9.2013,LTR13,30,9,2013,30.9.2013,273,Lithuania,autumn,55.2726,21.4106,Yes,4,0.34,Moderate
LTR13_2014,LTR13_2014_13.10.2014,LTR13,13,10,2014,13.10.2014,286,Lithuania,autumn,55.2726,21.4106,Yes,4,0.29,Poor
LTR13_2015,LTR13_2015_12.10.2015,LTR13,12,10,2015,12.10.2015,285,Lithuania,autumn,55.2726,21.4106,Yes,4,0.399,Moderate
LTR13_2016,LTR13_2016_12.9.2016,LTR13,12,9,2016,12.9.2016,256,Lithuania,autumn,55.2726,21.4106,Yes,4,0.48,Moderate
LTR13_2017,LTR13_2017_4.10.2017,LTR13,4,10,2017,4.10.2017,277,Lithuania,autumn,55.2726,21.4106,Yes,4,0.4,Moderate
LTR13_2020,LTR13_2020_14.9.2020,LTR13,14,9,2020,14.9.2020,258,Lithuania,autumn,55.2726,21.4106,Yes,4,0.5,Good
LTR1301_2010,LTR1301_2010_4.10.2010,LTR1301,4,10,2010,4.10.2010,277,Lithuania,autumn,54.0906,24.2934,No,1,0.87,Very Good
LTR1301_2012,LTR1301_2012_10.10.2012,LTR1301,10,10,2012,10.10.2012,284,Lithuania,autumn,54.0906,24.2934,No,1,0.72,Good
LTR1301_2013,LTR1301_2013_7.10.2013,LTR1301,7,10,2013,7.10.2013,280,Lithuania,autumn,54.0906,24.2934,No,1,0.86,Very Good
LTR1301_2014,LTR1301_2014_6.10.2014,LTR1301,6,10,2014,6.10.2014,279,Lithuania,autumn,54.0906,24.2934,No,1,0.76,Good
LTR1301_2015,LTR1301_2015_12.10.2015,LTR1301,12,10,2015,12.10.2015,285,Lithuania,autumn,54.0906,24.2934,No,1,0.95,Very good
LTR1301_2016,LTR1301_2016_17.10.2016,LTR1301,17,10,2016,17.10.2016,291,Lithuania,autumn,54.0906,24.2934,No,1,0.78,Good
LTR1301_2017,LTR1301_2017_16.10.2017,LTR1301,16,10,2017,16.10.2017,289,Lithuania,autumn,54.0906,24.2934,No,1,0.94,Very good
LTR1301_2020,LTR1301_2020_13.10.2020,LTR1301,13,10,2020,13.10.2020,287,Lithuania,autumn,54.0906,24.2934,No,1,0.59,Moderate
LTR1319_2010,LTR1319_2010_28.9.2010,LTR1319,28,9,2010,28.9.2010,271,Lithuania,autumn,55.6208,25.4354,No,4,0.57,Moderate
LTR1319_2012,LTR1319_2012_24.9.2012,LTR1319,24,9,2012,24.9.2012,268,Lithuania,autumn,55.6208,25.4354,No,4,0.91,Very Good
LTR1319_2013,LTR1319_2013_18.9.2013,LTR1319,18,9,2013,18.9.2013,261,Lithuania,autumn,55.6208,25.4354,No,4,0.9,Very Good
LTR1319_2014,LTR1319_2014_15.9.2014,LTR1319,15,9,2014,15.9.2014,258,Lithuania,autumn,55.6208,25.4354,No,4,0.7,Good
LTR1319_2015,LTR1319_2015_23.9.2015,LTR1319,23,9,2015,23.9.2015,266,Lithuania,autumn,55.6208,25.4354,No,4,0.88,Very good
LTR1319_2016,LTR1319_2016_27.9.2016,LTR1319,27,9,2016,27.9.2016,271,Lithuania,autumn,55.6208,25.4354,No,4,0.69,Good
LTR1319_2017,LTR1319_2017_26.10.2017,LTR1319,26,10,2017,26.10.2017,299,Lithuania,autumn,55.6208,25.4354,No,4,0.77,Good
LTR1319_2020,LTR1319_2020_21.9.2020,LTR1319,21,9,2020,21.9.2020,265,Lithuania,autumn,55.6208,25.4354,No,4,0.74,Good
LTR133_2010,LTR133_2010_5.10.2010,LTR133,5,10,2010,5.10.2010,278,Lithuania,autumn,55.0933,24.5299,No,5,0.56,Moderate
LTR133_2012,LTR133_2012_2.10.2012,LTR133,2,10,2012,2.10.2012,276,Lithuania,autumn,55.0933,24.5299,No,5,0.49,Moderate
LTR133_2013,LTR133_2013_8.10.2013,LTR133,8,10,2013,8.10.2013,281,Lithuania,autumn,55.0933,24.5299,No,5,0.6,Good
LTR133_2014,LTR133_2014_7.10.2014,LTR133,7,10,2014,7.10.2014,280,Lithuania,autumn,55.0933,24.5299,No,5,0.69,Good
LTR133_2015,LTR133_2015_6.10.2015,LTR133,6,10,2015,6.10.2015,279,Lithuania,autumn,55.0933,24.5299,No,5,0.91,Very good
LTR133_2016,LTR133_2016_4.10.2016,LTR133,4,10,2016,4.10.2016,278,Lithuania,autumn,55.0933,24.5299,No,5,0.52,Moderate
LTR133_2017,LTR133_2017_3.10.2017,LTR133,3,10,2017,3.10.2017,276,Lithuania,autumn,55.0933,24.5299,No,5,0.59,Moderate
LTR133_2020,LTR133_2020_6.10.2020,LTR133,6,10,2020,6.10.2020,280,Lithuania,autumn,55.0933,24.5299,No,5,0.54,Moderate
LTR1348_2010,LTR1348_2010_7.10.2010,LTR1348,7,10,2010,7.10.2010,280,Lithuania,autumn,55.1295,25.8405,No,2,0.91,Very Good
LTR1348_2012,LTR1348_2012_3.10.2012,LTR1348,3,10,2012,3.10.2012,277,Lithuania,autumn,55.1295,25.8405,No,2,0.76,Good
LTR1348_2013,LTR1348_2013_10.10.2013,LTR1348,10,10,2013,10.10.2013,283,Lithuania,autumn,55.1295,25.8405,No,2,0.76,Good
LTR1348_2014,LTR1348_2014_9.10.2014,LTR1348,9,10,2014,9.10.2014,282,Lithuania,autumn,55.1295,25.8405,No,2,0.79,Good
LTR1348_2015,LTR1348_2015_1.10.2015,LTR1348,1,10,2015,1.10.2015,274,Lithuania,autumn,55.1295,25.8405,No,2,0.92,Very good
LTR1348_2016,LTR1348_2016_11.10.2016,LTR1348,11,10,2016,11.10.2016,285,Lithuania,autumn,55.1295,25.8405,No,2,0.57,Moderate
LTR1348_2017,LTR1348_2017_3.10.2017,LTR1348,3,10,2017,3.10.2017,276,Lithuania,autumn,55.1295,25.8405,No,2,0.76,Good
LTR1348_2020,LTR1348_2020_7.10.2020,LTR1348,7,10,2020,7.10.2020,281,Lithuania,autumn,55.1295,25.8405,No,2,0.67,Good
LTR137_2010,LTR137_2010_27.9.2010,LTR137,27,9,2010,27.9.2010,270,Lithuania,autumn,54.962,22.7276,No,4,0.63,Good
LTR137_2012,LTR137_2012_25.9.2012,LTR137,25,9,2012,25.9.2012,269,Lithuania,autumn,54.962,22.7276,No,4,0.6,Good
LTR137_2013,LTR137_2013_10.10.2013,LTR137,10,10,2013,10.10.2013,283,Lithuania,autumn,54.962,22.7276,No,4,0.78,Good
LTR137_2014,LTR137_2014_30.9.2014,LTR137,30,9,2014,30.9.2014,273,Lithuania,autumn,54.962,22.7276,No,4,0.59,Moderate
LTR137_2015,LTR137_2015_5.10.2015,LTR137,5,10,2015,5.10.2015,278,Lithuania,autumn,54.962,22.7276,No,4,0.63,Good
LTR137_2016,LTR137_2016_10.10.2016,LTR137,10,10,2016,10.10.2016,284,Lithuania,autumn,54.962,22.7276,No,4,0.86,Very good
LTR137_2017,LTR137_2017_2.10.2017,LTR137,2,10,2017,2.10.2017,275,Lithuania,autumn,54.962,22.7276,No,4,0.71,Good
LTR137_2020,LTR137_2020_8.10.2020,LTR137,8,10,2020,8.10.2020,282,Lithuania,autumn,54.962,22.7276,No,4,0.59,Moderate
LTR1438_2010,LTR1438_2010_7.10.2010,LTR1438,7,10,2010,7.10.2010,280,Lithuania,autumn,55.0526,25.8742,No,1,0.85,Very Good
LTR1438_2012,LTR1438_2012_3.10.2012,LTR1438,3,10,2012,3.10.2012,277,Lithuania,autumn,55.0526,25.8742,No,1,0.78,Good
LTR1438_2013,LTR1438_2013_10.10.2013,LTR1438,10,10,2013,10.10.2013,283,Lithuania,autumn,55.0526,25.8742,No,1,0.83,Very Good
LTR1438_2014,LTR1438_2014_9.10.2014,LTR1438,9,10,2014,9.10.2014,282,Lithuania,autumn,55.0526,25.8742,No,1,0.95,Very good
LTR1438_2015,LTR1438_2015_1.10.2015,LTR1438,1,10,2015,1.10.2015,274,Lithuania,autumn,55.0526,25.8742,No,1,0.99,Very good
LTR1438_2016,LTR1438_2016_11.10.2016,LTR1438,11,10,2016,11.10.2016,285,Lithuania,autumn,55.0526,25.8742,No,1,0.92,Very good
LTR1438_2017,LTR1438_2017_3.10.2017,LTR1438,3,10,2017,3.10.2017,276,Lithuania,autumn,55.0526,25.8742,No,1,0.78,Good
LTR1438_2020,LTR1438_2020_7.10.2020,LTR1438,7,10,2020,7.10.2020,281,Lithuania,autumn,55.0526,25.8742,No,1,0.91,Very good
LTR1462_2010,LTR1462_2010_11.10.2010,LTR1462,11,10,2010,11.10.2010,284,Lithuania,autumn,55.5031,22.0195,No,2,0.63,Good
LTR1462_2011,LTR1462_2011_12.9.2011,LTR1462,12,9,2011,12.9.2011,255,Lithuania,autumn,55.5031,22.0195,No,2,0.36,Poor
LTR1462_2012,LTR1462_2012_18.10.2012,LTR1462,18,10,2012,18.10.2012,292,Lithuania,autumn,55.5031,22.0195,No,2,0.52,Moderate
LTR1462_2013,LTR1462_2013_25.9.2013,LTR1462,25,9,2013,25.9.2013,268,Lithuania,autumn,55.5031,22.0195,No,2,0.76,Good
LTR1462_2014,LTR1462_2014_13.10.2014,LTR1462,13,10,2014,13.10.2014,286,Lithuania,autumn,55.5031,22.0195,No,2,0.74,Good
LTR1462_2015,LTR1462_2015_12.10.2015,LTR1462,12,10,2015,12.10.2015,285,Lithuania,autumn,55.5031,22.0195,No,2,0.77,Good
LTR1462_2016,LTR1462_2016_12.9.2016,LTR1462,12,9,2016,12.9.2016,256,Lithuania,autumn,55.5031,22.0195,No,2,0.56,Moderate
LTR1462_2017,LTR1462_2017_4.10.2017,LTR1462,4,10,2017,4.10.2017,277,Lithuania,autumn,55.5031,22.0195,No,2,0.57,Moderate
LTR1462_2020,LTR1462_2020_14.9.2020,LTR1462,14,9,2020,14.9.2020,258,Lithuania,autumn,55.5031,22.0195,No,2,0.62,Good
LTR161_2010,LTR161_2010_5.10.2010,LTR161,5,10,2010,5.10.2010,278,Lithuania,autumn,54.37,24.8748,No,2,0.77,Good
LTR161_2012,LTR161_2012_4.10.2012,LTR161,4,10,2012,4.10.2012,278,Lithuania,autumn,54.37,24.8748,No,2,0.62,Good
LTR161_2013,LTR161_2013_8.10.2013,LTR161,8,10,2013,8.10.2013,281,Lithuania,autumn,54.37,24.8748,No,2,0.81,Very Good
LTR161_2014,LTR161_2014_13.10.2014,LTR161,13,10,2014,13.10.2014,286,Lithuania,autumn,54.37,24.8748,No,2,0.61,Good
LTR161_2015,LTR161_2015_1.10.2015,LTR161,1,10,2015,1.10.2015,274,Lithuania,autumn,54.37,24.8748,No,2,0.84,Very good
LTR161_2016,LTR161_2016_18.10.2016,LTR161,18,10,2016,18.10.2016,292,Lithuania,autumn,54.37,24.8748,No,2,0.71,Good
LTR161_2017,LTR161_2017_6.10.2017,LTR161,6,10,2017,6.10.2017,279,Lithuania,autumn,54.37,24.8748,No,2,0.94,Very good
LTR161_2020,LTR161_2020_15.10.2020,LTR161,15,10,2020,15.10.2020,289,Lithuania,autumn,54.37,24.8748,No,2,0.56,Moderate
LTR175_2010,LTR175_2010_7.10.2010,LTR175,7,10,2010,7.10.2010,280,Lithuania,autumn,55.0217,25.8575,No,3,0.92,Very Good
LTR175_2012,LTR175_2012_3.10.2012,LTR175,3,10,2012,3.10.2012,277,Lithuania,autumn,55.0217,25.8575,No,3,0.69,Good
LTR175_2013,LTR175_2013_10.10.2013,LTR175,10,10,2013,10.10.2013,283,Lithuania,autumn,55.0217,25.8575,No,3,0.67,Good
LTR175_2014,LTR175_2014_13.10.2014,LTR175,13,10,2014,13.10.2014,286,Lithuania,autumn,55.0217,25.8575,No,3,0.9,Very good
LTR175_2015,LTR175_2015_1.10.2015,LTR175,1,10,2015,1.10.2015,274,Lithuania,autumn,55.0217,25.8575,No,3,0.86,Very good
LTR175_2016,LTR175_2016_12.10.2016,LTR175,12,10,2016,12.10.2016,286,Lithuania,autumn,55.0217,25.8575,No,3,0.72,Good
LTR175_2017,LTR175_2017_3.10.2017,LTR175,3,10,2017,3.10.2017,276,Lithuania,autumn,55.0217,25.8575,No,3,0.75,Good
LTR175_2020,LTR175_2020_7.10.2020,LTR175,7,10,2020,7.10.2020,281,Lithuania,autumn,55.0217,25.8575,No,3,0.9,Very good
LTR192_2010,LTR192_2010_5.10.2010,LTR192,5,10,2010,5.10.2010,278,Lithuania,autumn,55.1921,24.689,No,3,0.96,Very Good
LTR192_2012,LTR192_2012_8.10.2012,LTR192,8,10,2012,8.10.2012,282,Lithuania,autumn,55.1921,24.689,No,3,0.89,Very Good
LTR192_2013,LTR192_2013_14.10.2013,LTR192,14,10,2013,14.10.2013,287,Lithuania,autumn,55.1921,24.689,No,3,0.86,Very Good
LTR192_2014,LTR192_2014_1.10.2014,LTR192,1,10,2014,1.10.2014,274,Lithuania,autumn,55.1921,24.689,No,3,0.92,Very good
LTR192_2015,LTR192_2015_7.10.2015,LTR192,7,10,2015,7.10.2015,280,Lithuania,autumn,55.1921,24.689,No,3,0.99,Very good
LTR192_2016,LTR192_2016_10.10.2016,LTR192,10,10,2016,10.10.2016,284,Lithuania,autumn,55.1921,24.689,No,3,0.85,Very good
LTR192_2017,LTR192_2017_4.10.2017,LTR192,4,10,2017,4.10.2017,277,Lithuania,autumn,55.1921,24.689,No,3,0.69,Good
LTR192_2020,LTR192_2020_1.10.2020,LTR192,1,10,2020,1.10.2020,275,Lithuania,autumn,55.1921,24.689,No,3,0.49,Moderate
LTR231_2010,LTR231_2010_6.10.2010,LTR231,6,10,2010,6.10.2010,279,Lithuania,autumn,55.3031,23.0187,No,1,0.59,Moderate
LTR231_2012,LTR231_2012_3.10.2012,LTR231,3,10,2012,3.10.2012,277,Lithuania,autumn,55.3031,23.0187,No,1,0.61,Good
LTR231_2013,LTR231_2013_9.10.2013,LTR231,9,10,2013,9.10.2013,282,Lithuania,autumn,55.3031,23.0187,No,1,0.77,Good
LTR231_2014,LTR231_2014_9.10.2014,LTR231,9,10,2014,9.10.2014,282,Lithuania,autumn,55.3031,23.0187,No,1,0.76,Good
LTR231_2015,LTR231_2015_7.10.2015,LTR231,7,10,2015,7.10.2015,280,Lithuania,autumn,55.3031,23.0187,No,1,0.41,Moderate
LTR231_2016,LTR231_2016_5.10.2016,LTR231,5,10,2016,5.10.2016,279,Lithuania,autumn,55.3031,23.0187,No,1,0.68,Good
LTR231_2017,LTR231_2017_4.10.2017,LTR231,4,10,2017,4.10.2017,277,Lithuania,autumn,55.3031,23.0187,No,1,0.56,Moderate
LTR231_2020,LTR231_2020_7.10.2020,LTR231,7,10,2020,7.10.2020,281,Lithuania,autumn,55.3031,23.0187,No,1,0.64,Good
LTR245_2010,LTR245_2010_4.10.2010,LTR245,4,10,2010,4.10.2010,277,Lithuania,autumn,55.351,23.906,No,3,0.47,Moderate
LTR245_2012,LTR245_2012_1.10.2012,LTR245,1,10,2012,1.10.2012,275,Lithuania,autumn,55.351,23.906,No,3,0.47,Moderate
LTR245_2013,LTR245_2013_7.10.2013,LTR245,7,10,2013,7.10.2013,280,Lithuania,autumn,55.351,23.906,No,3,0.62,Good
LTR245_2014,LTR245_2014_6.10.2014,LTR245,6,10,2014,6.10.2014,279,Lithuania,autumn,55.351,23.906,No,3,0.7,Good
LTR245_2015,LTR245_2015_5.10.2015,LTR245,5,10,2015,5.10.2015,278,Lithuania,autumn,55.351,23.906,No,3,0.6,Good
LTR245_2016,LTR245_2016_3.10.2016,LTR245,3,10,2016,3.10.2016,277,Lithuania,autumn,55.351,23.906,No,3,0.54,Moderate
LTR245_2017,LTR245_2017_2.10.2017,LTR245,2,10,2017,2.10.2017,275,Lithuania,autumn,55.351,23.906,No,3,0.46,Moderate
LTR245_2020,LTR245_2020_5.10.2020,LTR245,5,10,2020,5.10.2020,279,Lithuania,autumn,55.351,23.906,No,3,0.46,Moderate
LTR26_2010,LTR26_2010_14.9.2010,LTR26,14,9,2010,14.9.2010,257,Lithuania,autumn,54.3569,23.0636,Yes,3,0.77,Very Good
LTR26_2012,LTR26_2012_25.9.2012,LTR26,25,9,2012,25.9.2012,269,Lithuania,autumn,54.3569,23.0636,Yes,3,0.65,Good
LTR26_2013,LTR26_2013_11.10.2013,LTR26,11,10,2013,11.10.2013,284,Lithuania,autumn,54.3569,23.0636,Yes,3,0.77,Very Good
LTR26_2014,LTR26_2014_1.10.2014,LTR26,1,10,2014,1.10.2014,274,Lithuania,autumn,54.3569,23.0636,Yes,3,0.73,Very good
LTR26_2015,LTR26_2015_5.10.2015,LTR26,5,10,2015,5.10.2015,278,Lithuania,autumn,54.3569,23.0636,Yes,3,0.79,Very good
LTR26_2016,LTR26_2016_4.10.2016,LTR26,4,10,2016,4.10.2016,278,Lithuania,autumn,54.3569,23.0636,Yes,3,1,Very good
LTR26_2017,LTR26_2017_9.10.2017,LTR26,9,10,2017,9.10.2017,282,Lithuania,autumn,54.3569,23.0636,Yes,3,0.68,Good
LTR26_2020,LTR26_2020_7.10.2020,LTR26,7,10,2020,7.10.2020,281,Lithuania,autumn,54.3569,23.0636,Yes,3,0.77,Very good
LTR268_2010,LTR268_2010_11.10.2010,LTR268,11,10,2010,11.10.2010,284,Lithuania,autumn,55.1628,21.9385,Yes,2,0.49,Moderate
LTR268_2011,LTR268_2011_28.9.2011,LTR268,28,9,2011,28.9.2011,271,Lithuania,autumn,55.1628,21.9385,Yes,2,0.47,Moderate
LTR268_2012,LTR268_2012_8.10.2012,LTR268,8,10,2012,8.10.2012,282,Lithuania,autumn,55.1628,21.9385,Yes,2,0.49,Moderate
LTR268_2013,LTR268_2013_26.9.2013,LTR268,26,9,2013,26.9.2013,269,Lithuania,autumn,55.1628,21.9385,Yes,2,0.49,Moderate
LTR268_2014,LTR268_2014_13.10.2014,LTR268,13,10,2014,13.10.2014,286,Lithuania,autumn,55.1628,21.9385,Yes,2,0.56,Moderate
LTR268_2015,LTR268_2015_12.10.2015,LTR268,12,10,2015,12.10.2015,285,Lithuania,autumn,55.1628,21.9385,Yes,2,0.63,Good
LTR268_2016,LTR268_2016_12.9.2016,LTR268,12,9,2016,12.9.2016,256,Lithuania,autumn,55.1628,21.9385,Yes,2,0.57,Good
LTR268_2017,LTR268_2017_4.10.2017,LTR268,4,10,2017,4.10.2017,277,Lithuania,autumn,55.1628,21.9385,Yes,2,0.55,Good
LTR268_2020,LTR268_2020_14.9.2020,LTR268,14,9,2020,14.9.2020,258,Lithuania,autumn,55.1628,21.9385,Yes,2,0.69,Good
LTR325_2010,LTR325_2010_27.9.2010,LTR325,27,9,2010,27.9.2010,270,Lithuania,autumn,55.355,26.4257,No,2,0.73,Good
LTR325_2012,LTR325_2012_26.9.2012,LTR325,26,9,2012,26.9.2012,270,Lithuania,autumn,55.355,26.4257,No,2,0.81,Very Good
LTR325_2013,LTR325_2013_16.9.2013,LTR325,16,9,2013,16.9.2013,259,Lithuania,autumn,55.355,26.4257,No,2,0.64,Good
LTR325_2014,LTR325_2014_23.9.2014,LTR325,23,9,2014,23.9.2014,266,Lithuania,autumn,55.355,26.4257,No,2,0.77,Good
LTR325_2015,LTR325_2015_21.9.2015,LTR325,21,9,2015,21.9.2015,264,Lithuania,autumn,55.355,26.4257,No,2,0.69,Good
LTR325_2016,LTR325_2016_26.9.2016,LTR325,26,9,2016,26.9.2016,270,Lithuania,autumn,55.355,26.4257,No,2,0.58,Moderate
LTR325_2017,LTR325_2017_25.10.2017,LTR325,25,10,2017,25.10.2017,298,Lithuania,autumn,55.355,26.4257,No,2,0.58,Moderate
LTR325_2020,LTR325_2020_22.9.2020,LTR325,22,9,2020,22.9.2020,266,Lithuania,autumn,55.355,26.4257,No,2,0.77,Good
LTR327_2010,LTR327_2010_27.9.2010,LTR327,27,9,2010,27.9.2010,270,Lithuania,autumn,55.5743,25.0506,No,4,0.66,Good
LTR327_2012,LTR327_2012_24.9.2012,LTR327,24,9,2012,24.9.2012,268,Lithuania,autumn,55.5743,25.0506,No,4,0.78,Good
LTR327_2013,LTR327_2013_18.9.2013,LTR327,18,9,2013,18.9.2013,261,Lithuania,autumn,55.5743,25.0506,No,4,0.67,Good
LTR327_2014,LTR327_2014_15.9.2014,LTR327,15,9,2014,15.9.2014,258,Lithuania,autumn,55.5743,25.0506,No,4,0.71,Good
LTR327_2015,LTR327_2015_22.9.2015,LTR327,22,9,2015,22.9.2015,265,Lithuania,autumn,55.5743,25.0506,No,4,0.66,Good
LTR327_2016,LTR327_2016_27.9.2016,LTR327,27,9,2016,27.9.2016,271,Lithuania,autumn,55.5743,25.0506,No,4,0.7,Good
LTR327_2017,LTR327_2017_26.10.2017,LTR327,26,10,2017,26.10.2017,299,Lithuania,autumn,55.5743,25.0506,No,4,0.81,Very good
LTR327_2020,LTR327_2020_21.9.2020,LTR327,21,9,2020,21.9.2020,265,Lithuania,autumn,55.5743,25.0506,No,4,0.69,Good
LTR33_2010,LTR33_2010_6.10.2010,LTR33,6,10,2010,6.10.2010,279,Lithuania,autumn,55.0839,23.4315,No,5,0.35,Poor
LTR33_2012,LTR33_2012_3.10.2012,LTR33,3,10,2012,3.10.2012,277,Lithuania,autumn,55.0839,23.4315,No,5,0.62,Good
LTR33_2013,LTR33_2013_9.10.2013,LTR33,9,10,2013,9.10.2013,282,Lithuania,autumn,55.0839,23.4315,No,5,0.76,Good
LTR33_2014,LTR33_2014_8.10.2014,LTR33,8,10,2014,8.10.2014,281,Lithuania,autumn,55.0839,23.4315,No,5,0.67,Good
LTR33_2015,LTR33_2015_7.10.2015,LTR33,7,10,2015,7.10.2015,280,Lithuania,autumn,55.0839,23.4315,No,5,0.73,Good
LTR33_2016,LTR33_2016_5.10.2016,LTR33,5,10,2016,5.10.2016,279,Lithuania,autumn,55.0839,23.4315,No,5,0.67,Good
LTR33_2017,LTR33_2017_4.10.2017,LTR33,4,10,2017,4.10.2017,277,Lithuania,autumn,55.0839,23.4315,No,5,0.86,Very good
LTR33_2020,LTR33_2020_7.10.2020,LTR33,7,10,2020,7.10.2020,281,Lithuania,autumn,55.0839,23.4315,No,5,0.56,Moderate
LTR387_2010,LTR387_2010_27.9.2010,LTR387,27,9,2010,27.9.2010,270,Lithuania,autumn,55.7003,24.4333,No,2,0.74,Good
LTR387_2012,LTR387_2012_24.9.2012,LTR387,24,9,2012,24.9.2012,268,Lithuania,autumn,55.7003,24.4333,No,2,0.65,Good
LTR387_2013,LTR387_2013_23.9.2013,LTR387,23,9,2013,23.9.2013,266,Lithuania,autumn,55.7003,24.4333,No,2,0.57,Moderate
LTR387_2014,LTR387_2014_24.9.2014,LTR387,24,9,2014,24.9.2014,267,Lithuania,autumn,55.7003,24.4333,No,2,0.62,Good
LTR387_2015,LTR387_2015_28.9.2015,LTR387,28,9,2015,28.9.2015,271,Lithuania,autumn,55.7003,24.4333,No,2,0.57,Moderate
LTR387_2016,LTR387_2016_26.9.2016,LTR387,26,9,2016,26.9.2016,270,Lithuania,autumn,55.7003,24.4333,No,2,0.51,Moderate
LTR387_2017,LTR387_2017_16.10.2017,LTR387,16,10,2017,16.10.2017,289,Lithuania,autumn,55.7003,24.4333,No,2,0.57,Moderate
LTR387_2020,LTR387_2020_22.9.2020,LTR387,22,9,2020,22.9.2020,266,Lithuania,autumn,55.7003,24.4333,No,2,0.61,Good
LTR40_2010,LTR40_2010_4.10.2010,LTR40,4,10,2010,4.10.2010,277,Lithuania,autumn,54.9537,23.801,No,4,0.27,Poor
LTR40_2012,LTR40_2012_1.10.2012,LTR40,1,10,2012,1.10.2012,275,Lithuania,autumn,54.9537,23.801,No,4,0.5,Moderate
LTR40_2013,LTR40_2013_7.10.2013,LTR40,7,10,2013,7.10.2013,280,Lithuania,autumn,54.9537,23.801,No,4,0.58,Moderate
LTR40_2014,LTR40_2014_6.10.2014,LTR40,6,10,2014,6.10.2014,279,Lithuania,autumn,54.9537,23.801,No,4,0.51,Moderate
LTR40_2015,LTR40_2015_5.10.2015,LTR40,5,10,2015,5.10.2015,278,Lithuania,autumn,54.9537,23.801,No,4,0.45,Moderate
LTR40_2016,LTR40_2016_3.10.2016,LTR40,3,10,2016,3.10.2016,277,Lithuania,autumn,54.9537,23.801,No,4,0.57,Moderate
LTR40_2017,LTR40_2017_2.10.2017,LTR40,2,10,2017,2.10.2017,275,Lithuania,autumn,54.9537,23.801,No,4,0.51,Moderate
LTR40_2020,LTR40_2020_5.10.2020,LTR40,5,10,2020,5.10.2020,279,Lithuania,autumn,54.9537,23.801,No,4,0.48,Moderate
LTR401_2010,LTR401_2010_7.9.2010,LTR401,7,9,2010,7.9.2010,250,Lithuania,autumn,54.6646,23.242,No,3,0.56,Moderate
LTR401_2012,LTR401_2012_25.9.2012,LTR401,25,9,2012,25.9.2012,269,Lithuania,autumn,54.6646,23.242,No,3,0.73,Good
LTR401_2013,LTR401_2013_10.10.2013,LTR401,10,10,2013,10.10.2013,283,Lithuania,autumn,54.6646,23.242,No,3,0.43,Moderate
LTR401_2014,LTR401_2014_2.10.2014,LTR401,2,10,2014,2.10.2014,275,Lithuania,autumn,54.6646,23.242,No,3,0.57,Moderate
LTR401_2015,LTR401_2015_5.10.2015,LTR401,5,10,2015,5.10.2015,278,Lithuania,autumn,54.6646,23.242,No,3,0.58,Moderate
LTR401_2016,LTR401_2016_11.10.2016,LTR401,11,10,2016,11.10.2016,285,Lithuania,autumn,54.6646,23.242,No,3,0.83,Very good
LTR401_2017,LTR401_2017_11.10.2017,LTR401,11,10,2017,11.10.2017,284,Lithuania,autumn,54.6646,23.242,No,3,0.48,Moderate
LTR401_2020,LTR401_2020_5.10.2020,LTR401,5,10,2020,5.10.2020,279,Lithuania,autumn,54.6646,23.242,No,3,0.5,Moderate
LTR41_2010,LTR41_2010_4.10.2010,LTR41,4,10,2010,4.10.2010,277,Lithuania,autumn,55.1774,23.8281,No,5,0.77,Good
LTR41_2012,LTR41_2012_1.10.2012,LTR41,1,10,2012,1.10.2012,275,Lithuania,autumn,55.1774,23.8281,No,5,0.68,Good
LTR41_2013,LTR41_2013_7.10.2013,LTR41,7,10,2013,7.10.2013,280,Lithuania,autumn,55.1774,23.8281,No,5,0.59,Moderate
LTR41_2014,LTR41_2014_6.10.2014,LTR41,6,10,2014,6.10.2014,279,Lithuania,autumn,55.1774,23.8281,No,5,1,Very good
LTR41_2015,LTR41_2015_5.10.2015,LTR41,5,10,2015,5.10.2015,278,Lithuania,autumn,55.1774,23.8281,No,5,0.86,Very good
LTR41_2016,LTR41_2016_3.10.2016,LTR41,3,10,2016,3.10.2016,277,Lithuania,autumn,55.1774,23.8281,No,5,0.62,Good
LTR41_2017,LTR41_2017_2.10.2017,LTR41,2,10,2017,2.10.2017,275,Lithuania,autumn,55.1774,23.8281,No,5,0.46,Moderate
LTR41_2020,LTR41_2020_5.10.2020,LTR41,5,10,2020,5.10.2020,279,Lithuania,autumn,55.1774,23.8281,No,5,0.6,Good
LTR43_2010,LTR43_2010_4.10.2010,LTR43,4,10,2010,4.10.2010,277,Lithuania,autumn,54.8387,25.742,No,4,0.77,Good
LTR43_2012,LTR43_2012_1.10.2012,LTR43,1,10,2012,1.10.2012,275,Lithuania,autumn,54.8387,25.742,No,4,0.43,Moderate
LTR43_2013,LTR43_2013_7.10.2013,LTR43,7,10,2013,7.10.2013,280,Lithuania,autumn,54.8387,25.742,No,4,0.48,Moderate
LTR43_2014,LTR43_2014_6.10.2014,LTR43,6,10,2014,6.10.2014,279,Lithuania,autumn,54.8387,25.742,No,4,0.49,Moderate
LTR43_2015,LTR43_2015_5.10.2015,LTR43,5,10,2015,5.10.2015,278,Lithuania,autumn,54.8387,25.742,No,4,0.57,Moderate
LTR43_2016,LTR43_2016_3.10.2016,LTR43,3,10,2016,3.10.2016,277,Lithuania,autumn,54.8387,25.742,No,4,0.71,Good
LTR43_2017,LTR43_2017_2.10.2017,LTR43,2,10,2017,2.10.2017,275,Lithuania,autumn,54.8387,25.742,No,4,0.59,Moderate
LTR43_2020,LTR43_2020_5.10.2020,LTR43,5,10,2020,5.10.2020,279,Lithuania,autumn,54.8387,25.742,No,4,0.38,Poor
LTR450_2010,LTR450_2010_7.10.2010,LTR450,7,10,2010,7.10.2010,280,Lithuania,autumn,56.0504,22.9727,No,2,0.61,Good
LTR450_2012,LTR450_2012_29.9.2012,LTR450,29,9,2012,29.9.2012,273,Lithuania,autumn,56.0504,22.9727,No,2,0.41,Moderate
LTR450_2013,LTR450_2013_3.10.2013,LTR450,3,10,2013,3.10.2013,276,Lithuania,autumn,56.0504,22.9727,No,2,0.54,Moderate
LTR450_2014,LTR450_2014_7.10.2014,LTR450,7,10,2014,7.10.2014,280,Lithuania,autumn,56.0504,22.9727,No,2,0.53,Moderate
LTR450_2015,LTR450_2015_8.10.2015,LTR450,8,10,2015,8.10.2015,281,Lithuania,autumn,56.0504,22.9727,No,2,0.38,Poor
LTR450_2016,LTR450_2016_26.9.2016,LTR450,26,9,2016,26.9.2016,270,Lithuania,autumn,56.0504,22.9727,No,2,0.52,Moderate
LTR450_2017,LTR450_2017_4.10.2017,LTR450,4,10,2017,4.10.2017,277,Lithuania,autumn,56.0504,22.9727,No,2,0.52,Moderate
LTR450_2020,LTR450_2020_12.10.2020,LTR450,12,10,2020,12.10.2020,286,Lithuania,autumn,56.0504,22.9727,No,2,0.38,Poor
LTR50_2010,LTR50_2010_5.10.2010,LTR50,5,10,2010,5.10.2010,278,Lithuania,autumn,54.9585,23.9399,No,5,0.52,Moderate
LTR50_2012,LTR50_2012_2.10.2012,LTR50,2,10,2012,2.10.2012,276,Lithuania,autumn,54.9585,23.9399,No,5,0.49,Moderate
LTR50_2013,LTR50_2013_8.10.2013,LTR50,8,10,2013,8.10.2013,281,Lithuania,autumn,54.9585,23.9399,No,5,0.39,Poor
LTR50_2014,LTR50_2014_7.10.2014,LTR50,7,10,2014,7.10.2014,280,Lithuania,autumn,54.9585,23.9399,No,5,0.56,Moderate
LTR50_2015,LTR50_2015_6.10.2015,LTR50,6,10,2015,6.10.2015,279,Lithuania,autumn,54.9585,23.9399,No,5,0.47,Moderate
LTR50_2016,LTR50_2016_4.10.2016,LTR50,4,10,2016,4.10.2016,278,Lithuania,autumn,54.9585,23.9399,No,5,0.37,Poor
LTR50_2017,LTR50_2017_3.10.2017,LTR50,3,10,2017,3.10.2017,276,Lithuania,autumn,54.9585,23.9399,No,5,0.58,Moderate
LTR50_2020,LTR50_2020_6.10.2020,LTR50,6,10,2020,6.10.2020,280,Lithuania,autumn,54.9585,23.9399,No,5,0.4,Moderate
LTR612_2010,LTR612_2010_11.10.2010,LTR612,11,10,2010,11.10.2010,284,Lithuania,autumn,55.0839,21.9061,Yes,4,0.33,Moderate
LTR612_2011,LTR612_2011_12.9.2011,LTR612,12,9,2011,12.9.2011,255,Lithuania,autumn,55.0839,21.9061,Yes,4,0.5,Good
LTR612_2012,LTR612_2012_8.10.2012,LTR612,8,10,2012,8.10.2012,282,Lithuania,autumn,55.0839,21.9061,Yes,4,0.32,Moderate
LTR612_2013,LTR612_2013_25.9.2013,LTR612,25,9,2013,25.9.2013,268,Lithuania,autumn,55.0839,21.9061,Yes,4,0.45,Moderate
LTR612_2014,LTR612_2014_13.10.2014,LTR612,13,10,2014,13.10.2014,286,Lithuania,autumn,55.0839,21.9061,Yes,4,0.3,Moderate
LTR612_2015,LTR612_2015_12.10.2015,LTR612,12,10,2015,12.10.2015,285,Lithuania,autumn,55.0839,21.9061,Yes,4,0.31,Moderate
LTR612_2016,LTR612_2016_12.9.2016,LTR612,12,9,2016,12.9.2016,256,Lithuania,autumn,55.0839,21.9061,Yes,4,0.5,Good
LTR612_2017,LTR612_2017_4.10.2017,LTR612,4,10,2017,4.10.2017,277,Lithuania,autumn,55.0839,21.9061,Yes,4,0.35,Moderate
LTR612_2020,LTR612_2020_14.9.2020,LTR612,14,9,2020,14.9.2020,258,Lithuania,autumn,55.0839,21.9061,Yes,4,0.48,Moderate
LTR62_2010,LTR62_2010_6.10.2010,LTR62,6,10,2010,6.10.2010,279,Lithuania,autumn,55.2527,25.9913,No,2,0.61,Good
LTR62_2012,LTR62_2012_3.10.2012,LTR62,3,10,2012,3.10.2012,277,Lithuania,autumn,55.2527,25.9913,No,2,0.6,Good
LTR62_2013,LTR62_2013_10.10.2013,LTR62,10,10,2013,10.10.2013,283,Lithuania,autumn,55.2527,25.9913,No,2,0.59,Moderate
LTR62_2014,LTR62_2014_8.10.2014,LTR62,8,10,2014,8.10.2014,281,Lithuania,autumn,55.2527,25.9913,No,2,0.71,Good
LTR62_2015,LTR62_2015_6.10.2015,LTR62,6,10,2015,6.10.2015,279,Lithuania,autumn,55.2527,25.9913,No,2,0.68,Good
LTR62_2016,LTR62_2016_4.10.2016,LTR62,4,10,2016,4.10.2016,278,Lithuania,autumn,55.2527,25.9913,No,2,0.8,Very good
LTR62_2017,LTR62_2017_3.10.2017,LTR62,3,10,2017,3.10.2017,276,Lithuania,autumn,55.2527,25.9913,No,2,1,Very good
LTR62_2020,LTR62_2020_12.10.2020,LTR62,12,10,2020,12.10.2020,286,Lithuania,autumn,55.2527,25.9913,No,2,0.52,Moderate
LTR65_2010,LTR65_2010_6.10.2010,LTR65,6,10,2010,6.10.2010,279,Lithuania,autumn,54.9606,25.7104,No,5,0.85,Very Good
LTR65_2012,LTR65_2012_3.10.2012,LTR65,3,10,2012,3.10.2012,277,Lithuania,autumn,54.9606,25.7104,No,5,0.75,Good
LTR65_2013,LTR65_2013_10.10.2013,LTR65,10,10,2013,10.10.2013,283,Lithuania,autumn,54.9606,25.7104,No,5,0.8,Very Good
LTR65_2014,LTR65_2014_8.10.2014,LTR65,8,10,2014,8.10.2014,281,Lithuania,autumn,54.9606,25.7104,No,5,0.83,Very good
LTR65_2015,LTR65_2015_6.10.2015,LTR65,6,10,2015,6.10.2015,279,Lithuania,autumn,54.9606,25.7104,No,5,0.91,Very good
LTR65_2016,LTR65_2016_4.10.2016,LTR65,4,10,2016,4.10.2016,278,Lithuania,autumn,54.9606,25.7104,No,5,0.77,Good
LTR65_2017,LTR65_2017_3.10.2017,LTR65,3,10,2017,3.10.2017,276,Lithuania,autumn,54.9606,25.7104,No,5,0.58,Moderate
LTR65_2020,LTR65_2020_12.10.2020,LTR65,12,10,2020,12.10.2020,286,Lithuania,autumn,54.9606,25.7104,No,5,0.78,Good
LTR70_2010,LTR70_2010_4.10.2010,LTR70,4,10,2010,4.10.2010,277,Lithuania,autumn,54.1106,24.2801,No,5,0.86,Very Good
LTR70_2012,LTR70_2012_1.10.2012,LTR70,1,10,2012,1.10.2012,275,Lithuania,autumn,54.1106,24.2801,No,5,0.59,Moderate
LTR70_2013,LTR70_2013_7.10.2013,LTR70,7,10,2013,7.10.2013,280,Lithuania,autumn,54.1106,24.2801,No,5,0.58,Moderate
LTR70_2014,LTR70_2014_2.10.2014,LTR70,2,10,2014,2.10.2014,275,Lithuania,autumn,54.1106,24.2801,No,5,0.79,Good
LTR70_2015,LTR70_2015_5.10.2015,LTR70,5,10,2015,5.10.2015,278,Lithuania,autumn,54.1106,24.2801,No,5,0.62,Good
LTR70_2016,LTR70_2016_17.10.2016,LTR70,17,10,2016,17.10.2016,291,Lithuania,autumn,54.1106,24.2801,No,5,0.53,Moderate
LTR70_2017,LTR70_2017_16.10.2017,LTR70,16,10,2017,16.10.2017,289,Lithuania,autumn,54.1106,24.2801,No,5,0.67,Good
LTR70_2020,LTR70_2020_5.10.2020,LTR70,5,10,2020,5.10.2020,279,Lithuania,autumn,54.1106,24.2801,No,5,0.63,Good
LTR78_2010,LTR78_2010_12.10.2010,LTR78,12,10,2010,12.10.2010,285,Lithuania,autumn,56.1999,21.5737,No,3,0.47,Moderate
LTR78_2011,LTR78_2011_13.9.2011,LTR78,13,9,2011,13.9.2011,256,Lithuania,autumn,56.1999,21.5737,No,3,0.49,Moderate
LTR78_2012,LTR78_2012_11.9.2012,LTR78,11,9,2012,11.9.2012,255,Lithuania,autumn,56.1999,21.5737,No,3,0.59,Moderate
LTR78_2013,LTR78_2013_18.9.2013,LTR78,18,9,2013,18.9.2013,261,Lithuania,autumn,56.1999,21.5737,No,3,0.3,Poor
LTR78_2014,LTR78_2014_14.10.2014,LTR78,14,10,2014,14.10.2014,287,Lithuania,autumn,56.1999,21.5737,No,3,0.63,Good
LTR78_2015,LTR78_2015_16.9.2015,LTR78,16,9,2015,16.9.2015,259,Lithuania,autumn,56.1999,21.5737,No,3,0.54,Moderate
LTR78_2016,LTR78_2016_13.9.2016,LTR78,13,9,2016,13.9.2016,257,Lithuania,autumn,56.1999,21.5737,No,3,0.59,Moderate
LTR78_2017,LTR78_2017_5.10.2017,LTR78,5,10,2017,5.10.2017,278,Lithuania,autumn,56.1999,21.5737,No,3,0.58,Moderate
LTR78_2020,LTR78_2020_15.9.2020,LTR78,15,9,2020,15.9.2020,259,Lithuania,autumn,56.1999,21.5737,No,3,0.68,Good
LTR787_2010,LTR787_2010_7.10.2010,LTR787,7,10,2010,7.10.2010,280,Lithuania,autumn,55.8322,21.8818,No,3,1,Very Good
LTR787_2012,LTR787_2012_27.9.2012,LTR787,27,9,2012,27.9.2012,271,Lithuania,autumn,55.8322,21.8818,No,3,0.92,Very Good
LTR787_2013,LTR787_2013_24.9.2013,LTR787,24,9,2013,24.9.2013,267,Lithuania,autumn,55.8322,21.8818,No,3,0.95,Very Good
LTR787_2014,LTR787_2014_25.9.2014,LTR787,25,9,2014,25.9.2014,268,Lithuania,autumn,55.8322,21.8818,No,3,0.92,Very good
LTR787_2015,LTR787_2015_12.10.2015,LTR787,12,10,2015,12.10.2015,285,Lithuania,autumn,55.8322,21.8818,No,3,0.95,Very good
LTR787_2016,LTR787_2016_29.9.2016,LTR787,29,9,2016,29.9.2016,273,Lithuania,autumn,55.8322,21.8818,No,3,0.9,Very good
LTR787_2017,LTR787_2017_3.10.2017,LTR787,3,10,2017,3.10.2017,276,Lithuania,autumn,55.8322,21.8818,No,3,0.89,Very good
LTR787_2020,LTR787_2020_19.10.2020,LTR787,19,10,2020,19.10.2020,293,Lithuania,autumn,55.8322,21.8818,No,3,0.41,Moderate
LTR79_2010,LTR79_2010_12.10.2010,LTR79,12,10,2010,12.10.2010,285,Lithuania,autumn,56.2862,21.5012,No,3,0.33,Poor
LTR79_2011,LTR79_2011_13.9.2011,LTR79,13,9,2011,13.9.2011,256,Lithuania,autumn,56.2862,21.5012,No,3,0.56,Moderate
LTR79_2012,LTR79_2012_11.9.2012,LTR79,11,9,2012,11.9.2012,255,Lithuania,autumn,56.2862,21.5012,No,3,0.53,Moderate
LTR79_2013,LTR79_2013_18.9.2013,LTR79,18,9,2013,18.9.2013,261,Lithuania,autumn,56.2862,21.5012,No,3,0.56,Moderate
LTR79_2014,LTR79_2014_14.10.2014,LTR79,14,10,2014,14.10.2014,287,Lithuania,autumn,56.2862,21.5012,No,3,0.4,Moderate
LTR79_2015,LTR79_2015_16.9.2015,LTR79,16,9,2015,16.9.2015,259,Lithuania,autumn,56.2862,21.5012,No,3,0.53,Moderate
LTR79_2016,LTR79_2016_13.9.2016,LTR79,13,9,2016,13.9.2016,257,Lithuania,autumn,56.2862,21.5012,No,3,0.66,Good
LTR79_2017,LTR79_2017_5.10.2017,LTR79,5,10,2017,5.10.2017,278,Lithuania,autumn,56.2862,21.5012,No,3,0.52,Moderate
LTR79_2020,LTR79_2020_15.9.2020,LTR79,15,9,2020,15.9.2020,259,Lithuania,autumn,56.2862,21.5012,No,3,0.77,Good
LTR82_2010,LTR82_2010_7.10.2010,LTR82,7,10,2010,7.10.2010,280,Lithuania,autumn,56.3953,22.2333,No,5,0.65,Good
LTR82_2012,LTR82_2012_27.9.2012,LTR82,27,9,2012,27.9.2012,271,Lithuania,autumn,56.3953,22.2333,No,5,0.83,Very Good
LTR82_2013,LTR82_2013_30.9.2013,LTR82,30,9,2013,30.9.2013,273,Lithuania,autumn,56.3953,22.2333,No,5,0.75,Good
LTR82_2014,LTR82_2014_17.9.2014,LTR82,17,9,2014,17.9.2014,260,Lithuania,autumn,56.3953,22.2333,No,5,0.58,Moderate
LTR82_2015,LTR82_2015_7.10.2015,LTR82,7,10,2015,7.10.2015,280,Lithuania,autumn,56.3953,22.2333,No,5,0.79,Good
LTR82_2017,LTR82_2017_24.10.2017,LTR82,24,10,2017,24.10.2017,297,Lithuania,autumn,56.3953,22.2333,No,5,0.61,Good
LTR82_2019,LTR82_2019_3.10.2019,LTR82,3,10,2019,3.10.2019,276,Lithuania,autumn,56.3953,22.2333,No,5,0.5,Moderate
LTR82_2020,LTR82_2020_19.10.2020,LTR82,19,10,2020,19.10.2020,293,Lithuania,autumn,56.3953,22.2333,No,5,0.48,Moderate
LTR86_2010,LTR86_2010_27.9.2010,LTR86,27,9,2010,27.9.2010,270,Lithuania,autumn,56.2289,24.4075,No,5,0.54,Moderate
LTR86_2012,LTR86_2012_24.9.2012,LTR86,24,9,2012,24.9.2012,268,Lithuania,autumn,56.2289,24.4075,No,5,0.54,Moderate
LTR86_2013,LTR86_2013_24.9.2013,LTR86,24,9,2013,24.9.2013,267,Lithuania,autumn,56.2289,24.4075,No,5,0.55,Moderate
LTR86_2014,LTR86_2014_24.9.2014,LTR86,24,9,2014,24.9.2014,267,Lithuania,autumn,56.2289,24.4075,No,5,0.56,Moderate
LTR86_2015,LTR86_2015_28.9.2015,LTR86,28,9,2015,28.9.2015,271,Lithuania,autumn,56.2289,24.4075,No,5,0.5,Moderate
LTR86_2016,LTR86_2016_26.9.2016,LTR86,26,9,2016,26.9.2016,270,Lithuania,autumn,56.2289,24.4075,No,5,0.48,Moderate
LTR86_2017,LTR86_2017_16.10.2017,LTR86,16,10,2017,16.10.2017,289,Lithuania,autumn,56.2289,24.4075,No,5,0.38,Poor
LTR86_2020,LTR86_2020_21.9.2020,LTR86,21,9,2020,21.9.2020,265,Lithuania,autumn,56.2289,24.4075,No,5,0.36,Poor
LTR88_2010,LTR88_2010_5.10.2010,LTR88,5,10,2010,5.10.2010,278,Lithuania,autumn,56.3422,23.6155,Yes,1,0.42,Moderate
LTR88_2012,LTR88_2012_11.9.2012,LTR88,11,9,2012,11.9.2012,255,Lithuania,autumn,56.3422,23.6155,Yes,1,0.58,Good
LTR88_2013,LTR88_2013_16.10.2013,LTR88,16,10,2013,16.10.2013,289,Lithuania,autumn,56.3422,23.6155,Yes,1,0.43,Moderate
LTR88_2014,LTR88_2014_23.9.2014,LTR88,23,9,2014,23.9.2014,266,Lithuania,autumn,56.3422,23.6155,Yes,1,0.42,Moderate
LTR88_2015,LTR88_2015_21.10.2015,LTR88,21,10,2015,21.10.2015,294,Lithuania,autumn,56.3422,23.6155,Yes,1,0.48,Moderate
LTR88_2016,LTR88_2016_27.11.2016,LTR88,27,11,2016,27.11.2016,332,Lithuania,autumn,56.3422,23.6155,Yes,1,0.43,Moderate
LTR88_2017,LTR88_2017_14.11.2017,LTR88,14,11,2017,14.11.2017,318,Lithuania,autumn,56.3422,23.6155,Yes,1,0.44,Moderate
LTR88_2020,LTR88_2020_26.10.2020,LTR88,26,10,2020,26.10.2020,300,Lithuania,autumn,56.3422,23.6155,Yes,1,0.51,Good
LTR92_2010,LTR92_2010_27.9.2010,LTR92,27,9,2010,27.9.2010,270,Lithuania,autumn,56.1721,24.6351,No,3,0.6,Good
LTR92_2012,LTR92_2012_24.9.2012,LTR92,24,9,2012,24.9.2012,268,Lithuania,autumn,56.1721,24.6351,No,3,0.7,Good
LTR92_2013,LTR92_2013_23.9.2013,LTR92,23,9,2013,23.9.2013,266,Lithuania,autumn,56.1721,24.6351,No,3,0.57,Moderate
LTR92_2014,LTR92_2014_24.9.2014,LTR92,24,9,2014,24.9.2014,267,Lithuania,autumn,56.1721,24.6351,No,3,0.48,Moderate
LTR92_2015,LTR92_2015_28.9.2015,LTR92,28,9,2015,28.9.2015,271,Lithuania,autumn,56.1721,24.6351,No,3,0.63,Good
LTR92_2016,LTR92_2016_26.9.2016,LTR92,26,9,2016,26.9.2016,270,Lithuania,autumn,56.1721,24.6351,No,3,0.64,Good
LTR92_2017,LTR92_2017_13.10.2017,LTR92,13,10,2017,13.10.2017,286,Lithuania,autumn,56.1721,24.6351,No,3,0.63,Good
LTR92_2020,LTR92_2020_23.9.2020,LTR92,23,9,2020,23.9.2020,267,Lithuania,autumn,56.1721,24.6351,No,3,0.6,Good
