"","site_code","sample_id","site_id","day","month","year","Date","day_of_year","country","season","Latitude","Longitude","Heavily_modified","river_type","EQR","EQC","F_to","F_to_app","F_to_disap","nbsp","sing.sp","FRic","qual.FRic","FEve","FDiv","FDis","RaoQ"
"328","LTR92_2010","LTR92_2010_27.9.2010","LTR92",27,9,2010,"27.9.2010",270,"Lithuania","autumn",56.1721,24.6351,"No",3,0.6,"Good","NA","NA","NA",22,17,0.0147742421599188,0.478830288236901,0.711542287118966,0.880497779572766,7.26334810852509,0.305236175459074
"329","LTR92_2012","LTR92_2012_24.9.2012","LTR92",24,9,2012,"24.9.2012",268,"Lithuania","autumn",56.1721,24.6351,"No",3,0.7,"Good","0.0983606557377049","0.0819672131147541","0.0163934426229508",22,19,0.0891837313141615,0.478830288236901,0.715388608532207,0.387309228654161,4.29456780387324,0.182287646140229
"330","LTR92_2013","LTR92_2013_23.9.2013","LTR92",23,9,2013,"23.9.2013",266,"Lithuania","autumn",56.1721,24.6351,"No",3,0.57,"Moderate","0.129032258064516","0.032258064516129","0.0967741935483871",19,18,0.0421194007530052,0.478830288236901,0.590840286141613,0.962964046896126,7.08174464305297,0.288928766380222
"331","LTR92_2014","LTR92_2014_24.9.2014","LTR92",24,9,2014,"24.9.2014",267,"Lithuania","autumn",56.1721,24.6351,"No",3,0.48,"Moderate","0.120689655172414","0.0344827586206897","0.0862068965517241",13,13,0.00928533050159558,0.478830288236901,0.651808981236611,0.803642606972235,4.73275820166814,0.16896775780802
"332","LTR92_2015","LTR92_2015_28.9.2015","LTR92",28,9,2015,"28.9.2015",271,"Lithuania","autumn",56.1721,24.6351,"No",3,0.63,"Good","0.0701754385964912","0.0701754385964912","0",30,27,0.101874416526859,0.478830288236901,0.675430627765567,0.863819642575913,6.50290371722663,0.26222882487703
"333","LTR92_2016","LTR92_2016_26.9.2016","LTR92",26,9,2016,"26.9.2016",270,"Lithuania","autumn",56.1721,24.6351,"No",3,0.64,"Good","0.112903225806452","0.0806451612903226","0.032258064516129",25,22,0.16735743545196,0.478830288236901,0.572877455917747,0.868268535239099,8.62126455535505,0.476519112041021
"334","LTR92_2017","LTR92_2017_13.10.2017","LTR92",13,10,2017,"13.10.2017",286,"Lithuania","autumn",56.1721,24.6351,"No",3,0.63,"Good","0.032258064516129","0.032258064516129","0",24,18,0.116969251124046,0.478830288236901,0.646725217062659,0.76452977424308,8.2587313895199,0.459105770813785
"335","LTR92_2020","LTR92_2020_23.9.2020","LTR92",23,9,2020,"23.9.2020",267,"Lithuania","autumn",56.1721,24.6351,"No",3,0.6,"Good","0","0","0",31,28,0.241303791486891,0.478830288236901,0.499335886984745,0.737937047436423,7.56694772433971,0.356241679233682
"320","LTR88_2010","LTR88_2010_5.10.2010","LTR88",5,10,2010,"5.10.2010",278,"Lithuania","autumn",56.3422,23.6155,"Yes",1,0.42,"Moderate","NA","NA","NA",10,7,0.0047798885799384,0.529625211881538,0.48402690802982,0.759844068152848,7.88275786838596,0.677291293558133
"321","LTR88_2012","LTR88_2012_11.9.2012","LTR88",11,9,2012,"11.9.2012",255,"Lithuania","autumn",56.3422,23.6155,"Yes",1,0.58,"Good","0.133333333333333","0.05","0.0833333333333333",19,17,0.0544436680022684,0.529625211881538,0.562425585343269,0.81177292422429,7.39107989998585,0.553718469266348
"322","LTR88_2013","LTR88_2013_16.10.2013","LTR88",16,10,2013,"16.10.2013",289,"Lithuania","autumn",56.3422,23.6155,"Yes",1,0.43,"Moderate","0.166666666666667","0.0833333333333333","0.0833333333333333",14,11,0.0404538387407818,0.529625211881538,0.580135149959037,0.693989450267535,6.65397741249825,0.509486646663923
"323","LTR88_2014","LTR88_2014_23.9.2014","LTR88",23,9,2014,"23.9.2014",266,"Lithuania","autumn",56.3422,23.6155,"Yes",1,0.42,"Moderate","0.0833333333333333","0.0833333333333333","0",17,14,0.405340698542959,0.529625211881538,0.643878899386089,0.808255897854609,8.50935947978763,0.750114841473015
"324","LTR88_2015","LTR88_2015_21.10.2015","LTR88",21,10,2015,"21.10.2015",294,"Lithuania","autumn",56.3422,23.6155,"Yes",1,0.48,"Moderate","0.0819672131147541","0.0163934426229508","0.0655737704918033",12,10,0.11384141892087,0.529625211881538,0.456476509547831,0.783824674596671,7.55919680049009,0.626198092375079
"325","LTR88_2016","LTR88_2016_27.11.2016","LTR88",27,11,2016,"27.11.2016",332,"Lithuania","autumn",56.3422,23.6155,"Yes",1,0.43,"Moderate","0.17741935483871","0.0806451612903226","0.0967741935483871",11,11,0.0146211010246121,0.529625211881538,0.520279555254516,0.83660053464122,6.74282288674665,0.46818191849503
"326","LTR88_2017","LTR88_2017_14.11.2017","LTR88",14,11,2017,"14.11.2017",318,"Lithuania","autumn",56.3422,23.6155,"Yes",1,0.44,"Moderate","0.241379310344828","0.0344827586206897","0.206896551724138",6,6,0.00189830015124444,0.529625211881538,0.740781789951082,0.738108877183759,6.29550603198543,0.425465529499463
"327","LTR88_2020","LTR88_2020_26.10.2020","LTR88",26,10,2020,"26.10.2020",300,"Lithuania","autumn",56.3422,23.6155,"Yes",1,0.51,"Good","0.254237288135593","0.220338983050847","0.0338983050847458",13,13,0.229678887699196,0.529625211881538,0.671253035601482,0.870115192381301,8.58723664600874,0.758636662765095
"312","LTR86_2010","LTR86_2010_27.9.2010","LTR86",27,9,2010,"27.9.2010",270,"Lithuania","autumn",56.2289,24.4075,"No",5,0.54,"Moderate","NA","NA","NA",16,16,0.044347636060126,0.523629123541482,0.616737174643853,0.918388522010415,6.71017412032841,0.353422189134781
"313","LTR86_2012","LTR86_2012_24.9.2012","LTR86",24,9,2012,"24.9.2012",268,"Lithuania","autumn",56.2289,24.4075,"No",5,0.54,"Moderate","0.0508474576271186","0.0338983050847458","0.0169491525423729",32,29,0.12815964070486,0.523629123541482,0.573708454562501,0.838004292996495,6.63636234112428,0.350034832741442
"314","LTR86_2013","LTR86_2013_24.9.2013","LTR86",24,9,2013,"24.9.2013",267,"Lithuania","autumn",56.2289,24.4075,"No",5,0.55,"Moderate","0.05","0.0333333333333333","0.0166666666666667",29,25,0.0692627835009963,0.523629123541482,0.594266329049357,0.795929555728369,7.12156571404744,0.387116837164651
"315","LTR86_2014","LTR86_2014_24.9.2014","LTR86",24,9,2014,"24.9.2014",267,"Lithuania","autumn",56.2289,24.4075,"No",5,0.56,"Moderate","0.0483870967741935","0.0483870967741935","0",29,27,0.195078763680345,0.523629123541482,0.720976446627929,0.845324666688562,7.64840249852383,0.482741299420971
"316","LTR86_2015","LTR86_2015_28.9.2015","LTR86",28,9,2015,"28.9.2015",271,"Lithuania","autumn",56.2289,24.4075,"No",5,0.5,"Moderate","0.0483870967741935","0","0.0483870967741935",22,21,0.0732757794290841,0.523629123541482,0.688074344197133,0.832487531346607,7.35734475021076,0.415424313697419
"317","LTR86_2016","LTR86_2016_26.9.2016","LTR86",26,9,2016,"26.9.2016",270,"Lithuania","autumn",56.2289,24.4075,"No",5,0.48,"Moderate","0.0333333333333333","0.0166666666666667","0.0166666666666667",33,30,0.130213188529803,0.523629123541482,0.597213306189924,0.775198922155739,6.59932707515201,0.340359577565973
"318","LTR86_2017","LTR86_2017_16.10.2017","LTR86",16,10,2017,"16.10.2017",289,"Lithuania","autumn",56.2289,24.4075,"No",5,0.38,"Poor","0.0967741935483871","0.0483870967741935","0.0483870967741935",11,10,0.0426724397986986,0.523629123541482,0.699824696133424,0.790001596901892,9.40966447517964,0.696283743495833
"319","LTR86_2020","LTR86_2020_21.9.2020","LTR86",21,9,2020,"21.9.2020",265,"Lithuania","autumn",56.2289,24.4075,"No",5,0.36,"Poor","0.112903225806452","0.0483870967741935","0.0645161290322581",14,14,0.0276782135195201,0.523629123541482,0.704257414284551,0.965602305883985,5.86686897861075,0.403069120568948
"304","LTR82_2010","LTR82_2010_7.10.2010","LTR82",7,10,2010,"7.10.2010",280,"Lithuania","autumn",56.3953,22.2333,"No",5,0.65,"Good","NA","NA","NA",31,25,0.139680632753847,0.495048175151313,0.419873774698097,0.880977166387699,7.10025319146274,0.347879404548906
"305","LTR82_2012","LTR82_2012_27.9.2012","LTR82",27,9,2012,"27.9.2012",271,"Lithuania","autumn",56.3953,22.2333,"No",5,0.83,"Very Good","0.032258064516129","0.032258064516129","0",41,36,0.379085501548353,0.495048175151313,0.557738501444403,0.814568145106203,6.94124642617367,0.322668313910578
"306","LTR82_2013","LTR82_2013_30.9.2013","LTR82",30,9,2013,"30.9.2013",273,"Lithuania","autumn",56.3953,22.2333,"No",5,0.75,"Good","0.0161290322580645","0","0.0161290322580645",34,30,0.310961150368429,0.495048175151313,0.703950340814182,0.816570668151633,7.38982462773128,0.370106231025849
"307","LTR82_2014","LTR82_2014_17.9.2014","LTR82",17,9,2014,"17.9.2014",260,"Lithuania","autumn",56.3953,22.2333,"No",5,0.58,"Moderate","0.0161290322580645","0.0161290322580645","0",28,26,0.218970111104869,0.495048175151313,0.602420031436802,0.822811371524614,7.37588492571049,0.368375547282455
"308","LTR82_2015","LTR82_2015_7.10.2015","LTR82",7,10,2015,"7.10.2015",280,"Lithuania","autumn",56.3953,22.2333,"No",5,0.79,"Good","0","0","0",43,39,0.318838330490963,0.495048175151313,0.541168079964724,0.838543486665279,7.7687974963575,0.402308170453981
"309","LTR82_2017","LTR82_2017_24.10.2017","LTR82",24,10,2017,"24.10.2017",297,"Lithuania","autumn",56.3953,22.2333,"No",5,0.61,"Good","0","0","0",32,27,0.233448862093621,0.495048175151313,0.642264540702512,0.772209340721017,7.01644215230976,0.337730660522355
"310","LTR82_2019","LTR82_2019_3.10.2019","LTR82",3,10,2019,"3.10.2019",276,"Lithuania","autumn",56.3953,22.2333,"No",5,0.5,"Moderate","0","0","0",20,19,0.139738430715215,0.495048175151313,0.313194538735283,0.917675425055655,7.16844034928278,0.345978769167423
"311","LTR82_2020","LTR82_2020_19.10.2020","LTR82",19,10,2020,"19.10.2020",293,"Lithuania","autumn",56.3953,22.2333,"No",5,0.48,"Moderate","0","0","0",29,25,0.134703054443144,0.495048175151313,0.536818173804561,0.865123931315422,7.73589791935981,0.400382960350985
"295","LTR79_2010","LTR79_2010_12.10.2010","LTR79",12,10,2010,"12.10.2010",285,"Lithuania","autumn",56.2862,21.5012,"No",3,0.33,"Poor","NA","NA","NA",9,9,0.0445294542072655,0.495726597188646,0.787513634447364,0.847287013074707,8.66715717396199,0.506962559885636
"296","LTR79_2011","LTR79_2011_13.9.2011","LTR79",13,9,2011,"13.9.2011",256,"Lithuania","autumn",56.2862,21.5012,"No",3,0.56,"Moderate","0.0967741935483871","0.0161290322580645","0.0806451612903226",20,20,0.06577602599072,0.495726597188646,0.515729398661272,0.888122144875468,5.32438482799214,0.229853882727609
"297","LTR79_2012","LTR79_2012_11.9.2012","LTR79",11,9,2012,"11.9.2012",255,"Lithuania","autumn",56.2862,21.5012,"No",3,0.53,"Moderate","0.0806451612903226","0.0806451612903226","0",22,22,0.214116561130353,0.495726597188646,0.667383013696302,0.868361269032021,9.2419359649693,0.577498725756028
"298","LTR79_2013","LTR79_2013_18.9.2013","LTR79",18,9,2013,"18.9.2013",261,"Lithuania","autumn",56.2862,21.5012,"No",3,0.56,"Moderate","0.0161290322580645","0","0.0161290322580645",28,25,0.143711906856775,0.495726597188646,0.605149783426744,0.774954582699618,7.83673327875407,0.428656151506136
"299","LTR79_2014","LTR79_2014_14.10.2014","LTR79",14,10,2014,"14.10.2014",287,"Lithuania","autumn",56.2862,21.5012,"No",3,0.4,"Moderate","0.129032258064516","0.0161290322580645","0.112903225806452",7,7,0.00237723767698684,0.495726597188646,0.654013622836223,0.900733888857417,9.92470862933865,0.647358496487578
"300","LTR79_2015","LTR79_2015_16.9.2015","LTR79",16,9,2015,"16.9.2015",259,"Lithuania","autumn",56.2862,21.5012,"No",3,0.53,"Moderate","0.131147540983607","0.0983606557377049","0.0327868852459016",29,28,0.16910773930015,0.495726597188646,0.604898112233437,0.771052829335625,7.57044637167155,0.418384291797508
"301","LTR79_2016","LTR79_2016_13.9.2016","LTR79",13,9,2016,"13.9.2016",257,"Lithuania","autumn",56.2862,21.5012,"No",3,0.66,"Good","0.0483870967741935","0.0483870967741935","0",22,22,0.253641524198782,0.495726597188646,0.743411505285286,0.827642124606311,8.00115663011938,0.451057710543419
"302","LTR79_2017","LTR79_2017_5.10.2017","LTR79",5,10,2017,"5.10.2017",278,"Lithuania","autumn",56.2862,21.5012,"No",3,0.52,"Moderate","0","0","0",21,21,0.13072751829089,0.495726597188646,0.617819284465452,0.802834551986418,7.96898891870848,0.452410601245702
"303","LTR79_2020","LTR79_2020_15.9.2020","LTR79",15,9,2020,"15.9.2020",259,"Lithuania","autumn",56.2862,21.5012,"No",3,0.77,"Good","0","0","0",52,45,0.641574143186979,0.495726597188646,0.468135132863928,0.842033642231688,7.49250914248151,0.391551877265559
"287","LTR787_2010","LTR787_2010_7.10.2010","LTR787",7,10,2010,"7.10.2010",280,"Lithuania","autumn",55.8322,21.8818,"No",3,1,"Very Good","NA","NA","NA",40,38,0.221685007482614,0.463861113795658,0.687423980077466,0.847305801287652,7.9080265434596,0.464614815942917
"288","LTR787_2012","LTR787_2012_27.9.2012","LTR787",27,9,2012,"27.9.2012",271,"Lithuania","autumn",55.8322,21.8818,"No",3,0.92,"Very Good","0.0163934426229508","0","0.0163934426229508",35,32,0.120227060268267,0.463861113795658,0.516894153400889,0.714600690511268,6.04985884530507,0.311685163186239
"289","LTR787_2013","LTR787_2013_24.9.2013","LTR787",24,9,2013,"24.9.2013",267,"Lithuania","autumn",55.8322,21.8818,"No",3,0.95,"Very Good","0.032258064516129","0.032258064516129","0",53,46,0.449327747354932,0.463861113795658,0.498750288554978,0.886096297112635,7.11085744646764,0.381958349108173
"290","LTR787_2014","LTR787_2014_25.9.2014","LTR787",25,9,2014,"25.9.2014",268,"Lithuania","autumn",55.8322,21.8818,"No",3,0.92,"Very good","0.0161290322580645","0","0.0161290322580645",44,38,0.28393805037114,0.463861113795658,0.728135380893292,0.836907929677877,7.41650066184572,0.41198512643195
"291","LTR787_2015","LTR787_2015_12.10.2015","LTR787",12,10,2015,"12.10.2015",285,"Lithuania","autumn",55.8322,21.8818,"No",3,0.95,"Very good","0.0161290322580645","0.0161290322580645","0",48,44,0.467314119482391,0.463861113795658,0.460076159936237,0.790392623047021,7.16695642541636,0.387860313091537
"292","LTR787_2016","LTR787_2016_29.9.2016","LTR787",29,9,2016,"29.9.2016",273,"Lithuania","autumn",55.8322,21.8818,"No",3,0.9,"Very good","0.0161290322580645","0","0.0161290322580645",52,43,0.479334414740285,0.463861113795658,0.538462209747188,0.800293452687956,7.40105835291105,0.421676037284184
"293","LTR787_2017","LTR787_2017_3.10.2017","LTR787",3,10,2017,"3.10.2017",276,"Lithuania","autumn",55.8322,21.8818,"No",3,0.89,"Very good","0.0161290322580645","0.0161290322580645","0",40,38,0.378535286394519,0.463861113795658,0.696766546778683,0.709844903290433,6.94894185225188,0.379145549476722
"294","LTR787_2020","LTR787_2020_19.10.2020","LTR787",19,10,2020,"19.10.2020",293,"Lithuania","autumn",55.8322,21.8818,"No",3,0.41,"Moderate","0","0","0",26,22,0.138122197121651,0.463861113795658,0.496147443344613,0.754789754529561,7.82696075549783,0.458501758449587
"278","LTR78_2010","LTR78_2010_12.10.2010","LTR78",12,10,2010,"12.10.2010",285,"Lithuania","autumn",56.1999,21.5737,"No",3,0.47,"Moderate","NA","NA","NA",25,25,0.378764184221053,0.494632622485314,0.635186942463519,0.72578789410602,6.99505253744132,0.335022170199509
"279","LTR78_2011","LTR78_2011_13.9.2011","LTR78",13,9,2011,"13.9.2011",256,"Lithuania","autumn",56.1999,21.5737,"No",3,0.49,"Moderate","0.0161290322580645","0","0.0161290322580645",20,19,0.196438366660912,0.494632622485314,0.573921655092829,0.971124144907835,10.1660860161175,0.629541902927025
"280","LTR78_2012","LTR78_2012_11.9.2012","LTR78",11,9,2012,"11.9.2012",255,"Lithuania","autumn",56.1999,21.5737,"No",3,0.59,"Moderate","0.0161290322580645","0.0161290322580645","0",25,25,0.296864450897759,0.494632622485314,0.695348036844161,0.626871023238321,7.0684138445587,0.346063366777054
"281","LTR78_2013","LTR78_2013_18.9.2013","LTR78",18,9,2013,"18.9.2013",261,"Lithuania","autumn",56.1999,21.5737,"No",3,0.3,"Poor","0.0483870967741935","0","0.0483870967741935",11,11,0.0104686381809692,0.494632622485314,0.619693932724027,0.796418939057242,9.78247782789282,0.615237228291906
"282","LTR78_2014","LTR78_2014_14.10.2014","LTR78",14,10,2014,"14.10.2014",287,"Lithuania","autumn",56.1999,21.5737,"No",3,0.63,"Good","0.112903225806452","0.0483870967741935","0.0645161290322581",31,28,0.0917460931660418,0.494632622485314,0.540146552624784,0.773244303274273,5.86010846522564,0.208935494177594
"283","LTR78_2015","LTR78_2015_16.9.2015","LTR78",16,9,2015,"16.9.2015",259,"Lithuania","autumn",56.1999,21.5737,"No",3,0.54,"Moderate","0.0645161290322581","0.0645161290322581","0",24,23,0.226561816712805,0.494632622485314,0.55000788416635,0.76025149281102,7.39428280652382,0.363622932302218
"284","LTR78_2016","LTR78_2016_13.9.2016","LTR78",13,9,2016,"13.9.2016",257,"Lithuania","autumn",56.1999,21.5737,"No",3,0.59,"Moderate","0.0161290322580645","0","0.0161290322580645",19,19,0.135022131122477,0.494632622485314,0.641497166584194,0.891721301218223,8.26123814324059,0.471140391730697
"285","LTR78_2017","LTR78_2017_5.10.2017","LTR78",5,10,2017,"5.10.2017",278,"Lithuania","autumn",56.1999,21.5737,"No",3,0.58,"Moderate","0.0819672131147541","0","0.0819672131147541",30,30,0.0629952088552582,0.494632622485314,0.67277834836015,0.806969875826146,7.30354413043558,0.306857496912349
"286","LTR78_2020","LTR78_2020_15.9.2020","LTR78",15,9,2020,"15.9.2020",259,"Lithuania","autumn",56.1999,21.5737,"No",3,0.68,"Good","0.0967741935483871","0.0967741935483871","0",34,31,0.417329102426771,0.494632622485314,0.530252299512513,0.866171461167937,8.75710770145199,0.526933027139183
"270","LTR70_2010","LTR70_2010_4.10.2010","LTR70",4,10,2010,"4.10.2010",277,"Lithuania","autumn",54.1106,24.2801,"No",5,0.86,"Very Good","NA","NA","NA",38,34,0.439267144872851,0.466471167575062,0.496936506933962,0.793058748277053,7.1474737072648,0.365817923576249
"271","LTR70_2012","LTR70_2012_1.10.2012","LTR70",1,10,2012,"1.10.2012",275,"Lithuania","autumn",54.1106,24.2801,"No",5,0.59,"Moderate","0.0161290322580645","0","0.0161290322580645",27,24,0.25410287372017,0.466471167575062,0.460029252990082,0.928548593905685,10.0601320254642,0.645800998648162
"272","LTR70_2013","LTR70_2013_7.10.2013","LTR70",7,10,2013,"7.10.2013",280,"Lithuania","autumn",54.1106,24.2801,"No",5,0.58,"Moderate","0.0161290322580645","0.0161290322580645","0",33,25,0.496869435590976,0.466471167575062,0.591608838026583,0.813173457940779,9.07678123403841,0.566343780734929
"273","LTR70_2014","LTR70_2014_2.10.2014","LTR70",2,10,2014,"2.10.2014",275,"Lithuania","autumn",54.1106,24.2801,"No",5,0.79,"Good","0","0","0",45,43,0.494343586185653,0.466471167575062,0.647022940541489,0.939701670627407,10.423972611843,0.686151615827411
"274","LTR70_2015","LTR70_2015_5.10.2015","LTR70",5,10,2015,"5.10.2015",278,"Lithuania","autumn",54.1106,24.2801,"No",5,0.62,"Good","0.0161290322580645","0","0.0161290322580645",34,29,0.302439625331707,0.466471167575062,0.575364112788747,0.892621741785787,8.31714971657021,0.483464136486248
"275","LTR70_2016","LTR70_2016_17.10.2016","LTR70",17,10,2016,"17.10.2016",291,"Lithuania","autumn",54.1106,24.2801,"No",5,0.53,"Moderate","0.0163934426229508","0","0.0163934426229508",22,19,0.236163303426755,0.466471167575062,0.691490963344867,0.737644730807506,7.12596696708013,0.350533610127963
"276","LTR70_2017","LTR70_2017_16.10.2017","LTR70",16,10,2017,"16.10.2017",289,"Lithuania","autumn",54.1106,24.2801,"No",5,0.67,"Good","0.0483870967741935","0.032258064516129","0.0161290322580645",35,29,0.189976508730832,0.466471167575062,0.430582399200891,0.876278237587366,7.81727999421896,0.442429434616074
"277","LTR70_2020","LTR70_2020_5.10.2020","LTR70",5,10,2020,"5.10.2020",279,"Lithuania","autumn",54.1106,24.2801,"No",5,0.63,"Good","0.0161290322580645","0.0161290322580645","0",28,23,0.297311013022085,0.466471167575062,0.445425347835467,0.854576736495846,9.22334971089995,0.570933243741314
"262","LTR65_2010","LTR65_2010_6.10.2010","LTR65",6,10,2010,"6.10.2010",279,"Lithuania","autumn",54.9606,25.7104,"No",5,0.85,"Very Good","NA","NA","NA",30,28,0.260689484028276,0.485168750171554,0.597477298179382,0.815586797570157,7.50378267122239,0.346988776530322
"263","LTR65_2012","LTR65_2012_3.10.2012","LTR65",3,10,2012,"3.10.2012",277,"Lithuania","autumn",54.9606,25.7104,"No",5,0.75,"Good","0.0983606557377049","0.0163934426229508","0.0819672131147541",27,24,0.0755375508890581,0.485168750171554,0.587511760531394,0.800526440101557,6.69872868030792,0.256806029343252
"264","LTR65_2013","LTR65_2013_10.10.2013","LTR65",10,10,2013,"10.10.2013",283,"Lithuania","autumn",54.9606,25.7104,"No",5,0.8,"Very Good","0.0344827586206897","0.0344827586206897","0",35,32,0.19536891080321,0.485168750171554,0.664211533166331,0.742549597669083,7.01189747341895,0.27760040413526
"265","LTR65_2014","LTR65_2014_8.10.2014","LTR65",8,10,2014,"8.10.2014",281,"Lithuania","autumn",54.9606,25.7104,"No",5,0.83,"Very good","0.0172413793103448","0","0.0172413793103448",31,27,0.0298121135525869,0.485168750171554,0.492523677144205,0.760809246159363,5.48417205406034,0.169021877463315
"266","LTR65_2015","LTR65_2015_6.10.2015","LTR65",6,10,2015,"6.10.2015",279,"Lithuania","autumn",54.9606,25.7104,"No",5,0.91,"Very good","0.0517241379310345","0.0172413793103448","0.0344827586206897",41,36,0.0749581157385623,0.485168750171554,0.508494650989,0.675712553097559,5.29095582921561,0.169825222512598
"267","LTR65_2016","LTR65_2016_4.10.2016","LTR65",4,10,2016,"4.10.2016",278,"Lithuania","autumn",54.9606,25.7104,"No",5,0.77,"Good","0.0983606557377049","0.0819672131147541","0.0163934426229508",26,21,0.32786045273976,0.485168750171554,0.599734071651134,0.824225771084009,9.50359212520325,0.541504158280333
"268","LTR65_2017","LTR65_2017_3.10.2017","LTR65",3,10,2017,"3.10.2017",276,"Lithuania","autumn",54.9606,25.7104,"No",5,0.58,"Moderate","0.116666666666667","0","0.116666666666667",13,9,0.00715095760303421,0.485168750171554,0.493306600173838,0.788490267328141,9.98510529714499,0.579141934843082
"269","LTR65_2020","LTR65_2020_12.10.2020","LTR65",12,10,2020,"12.10.2020",286,"Lithuania","autumn",54.9606,25.7104,"No",5,0.78,"Good","0.131147540983607","0.131147540983607","0",27,23,0.372730034232551,0.485168750171554,0.536948040567856,0.804348333996261,8.58707100250752,0.454238579579624
"254","LTR62_2010","LTR62_2010_6.10.2010","LTR62",6,10,2010,"6.10.2010",279,"Lithuania","autumn",55.2527,25.9913,"No",2,0.61,"Good","NA","NA","NA",28,26,0.182112887900798,0.492999427279732,0.591217537463437,0.819179924002064,9.2497308440447,0.451340105469348
"255","LTR62_2012","LTR62_2012_3.10.2012","LTR62",3,10,2012,"3.10.2012",277,"Lithuania","autumn",55.2527,25.9913,"No",2,0.6,"Good","0.0645161290322581","0.0161290322580645","0.0483870967741935",16,15,0.0808369595877601,0.492999427279732,0.625892610038578,0.854700226754142,9.31208047199868,0.462683195667942
"256","LTR62_2013","LTR62_2013_10.10.2013","LTR62",10,10,2013,"10.10.2013",283,"Lithuania","autumn",55.2527,25.9913,"No",2,0.59,"Moderate","0.0967741935483871","0.0483870967741935","0.0483870967741935",32,28,0.138798420783197,0.492999427279732,0.519594128002846,0.711014974077602,7.07174333175199,0.257483957189952
"257","LTR62_2014","LTR62_2014_8.10.2014","LTR62",8,10,2014,"8.10.2014",281,"Lithuania","autumn",55.2527,25.9913,"No",2,0.71,"Good","0.0806451612903226","0.0483870967741935","0.032258064516129",31,29,0.300572215068191,0.492999427279732,0.622234770489023,0.827476790228974,10.0237803551887,0.536406060037992
"258","LTR62_2015","LTR62_2015_6.10.2015","LTR62",6,10,2015,"6.10.2015",279,"Lithuania","autumn",55.2527,25.9913,"No",2,0.68,"Good","0","0","0",29,29,0.259615799572714,0.492999427279732,0.633667733082233,0.818145262202727,7.52359664290494,0.357614372329342
"259","LTR62_2016","LTR62_2016_4.10.2016","LTR62",4,10,2016,"4.10.2016",278,"Lithuania","autumn",55.2527,25.9913,"No",2,0.8,"Very good","0.0163934426229508","0.0163934426229508","0",54,43,0.38739453626852,0.492999427279732,0.574550200940489,0.86625603041529,7.96716131893247,0.342453240011898
"260","LTR62_2017","LTR62_2017_3.10.2017","LTR62",3,10,2017,"3.10.2017",276,"Lithuania","autumn",55.2527,25.9913,"No",2,1,"Very good","0.0161290322580645","0.0161290322580645","0",83,57,0.455031567900078,0.492999427279732,0.436774862052449,0.832976191828627,7.30334439920433,0.289838570505229
"261","LTR62_2020","LTR62_2020_12.10.2020","LTR62",12,10,2020,"12.10.2020",286,"Lithuania","autumn",55.2527,25.9913,"No",2,0.52,"Moderate","0.0645161290322581","0","0.0645161290322581",24,22,0.0474563596953692,0.492999427279732,0.636086504485442,0.873102443396372,8.3631130737892,0.362439575777302
"245","LTR612_2010","LTR612_2010_11.10.2010","LTR612",11,10,2010,"11.10.2010",284,"Lithuania","autumn",55.0839,21.9061,"Yes",4,0.33,"Moderate","NA","NA","NA",7,7,0.000645423207336754,0.525242585305214,0.580417758244004,0.584984712504572,5.34727726406367,0.313722615570795
"246","LTR612_2011","LTR612_2011_12.9.2011","LTR612",12,9,2011,"12.9.2011",255,"Lithuania","autumn",55.0839,21.9061,"Yes",4,0.5,"Good","0.114754098360656","0.0655737704918033","0.0491803278688525",12,12,0.0633615702213572,0.525242585305214,0.425340396216177,0.51498538645656,2.03097340197064,0.107061098140032
"247","LTR612_2012","LTR612_2012_8.10.2012","LTR612",8,10,2012,"8.10.2012",282,"Lithuania","autumn",55.0839,21.9061,"Yes",4,0.32,"Moderate","0.186440677966102","0.0169491525423729","0.169491525423729",9,8,0.000178605791299973,0.525242585305214,0.67696075490807,0.513085257524091,4.07149412414102,0.220688861311017
"248","LTR612_2013","LTR612_2013_25.9.2013","LTR612",25,9,2013,"25.9.2013",268,"Lithuania","autumn",55.0839,21.9061,"Yes",4,0.45,"Moderate","0.185185185185185","0.0925925925925926","0.0925925925925926",7,7,1.84312260672917e-05,0.525242585305214,0.697744684482357,0.781152183078359,7.67802982243349,0.530766947122998
"249","LTR612_2014","LTR612_2014_13.10.2014","LTR612",13,10,2014,"13.10.2014",286,"Lithuania","autumn",55.0839,21.9061,"Yes",4,0.3,"Moderate","0.125","0.125","0",14,11,0.0118949429541846,0.525242585305214,0.440173511929652,0.947594883676952,6.27183550491006,0.431752568302544
"250","LTR612_2015","LTR612_2015_12.10.2015","LTR612",12,10,2015,"12.10.2015",285,"Lithuania","autumn",55.0839,21.9061,"Yes",4,0.31,"Moderate","0.0967741935483871","0.0967741935483871","0",22,19,0.114097238081128,0.525242585305214,0.512373817820853,0.860977539732672,8.31395462798161,0.582533450135032
"251","LTR612_2016","LTR612_2016_12.9.2016","LTR612",12,9,2016,"12.9.2016",256,"Lithuania","autumn",55.0839,21.9061,"Yes",4,0.5,"Good","0","0","0",33,30,0.316326103509522,0.525242585305214,0.53713732001323,0.915919799324344,7.62000762739093,0.519005702952371
"252","LTR612_2017","LTR612_2017_4.10.2017","LTR612",4,10,2017,"4.10.2017",277,"Lithuania","autumn",55.0839,21.9061,"Yes",4,0.35,"Moderate","0.0483870967741935","0","0.0483870967741935",10,10,0.00188632103824447,0.525242585305214,0.467289270660284,0.577418644738308,5.85769758393164,0.305597061980239
"253","LTR612_2020","LTR612_2020_14.9.2020","LTR612",14,9,2020,"14.9.2020",258,"Lithuania","autumn",55.0839,21.9061,"Yes",4,0.48,"Moderate","0.0645161290322581","0.0483870967741935","0.0161290322580645",35,29,0.312793493272902,0.525242585305214,0.47081522401989,0.865357265823962,5.90884574920533,0.379917924084694
"237","LTR50_2010","LTR50_2010_5.10.2010","LTR50",5,10,2010,"5.10.2010",278,"Lithuania","autumn",54.9585,23.9399,"No",5,0.52,"Moderate","NA","NA","NA",5,5,0.00307510090367444,0.424417355969248,0.723246154461621,0.696704414479009,9.08885588736536,0.539849676221476
"238","LTR50_2012","LTR50_2012_2.10.2012","LTR50",2,10,2012,"2.10.2012",276,"Lithuania","autumn",54.9585,23.9399,"No",5,0.49,"Moderate","0.137931034482759","0.137931034482759","0",26,22,0.650718536642532,0.424417355969248,0.428268549200474,0.74293895885678,6.77391751420473,0.266625200025084
"239","LTR50_2013","LTR50_2013_8.10.2013","LTR50",8,10,2013,"8.10.2013",281,"Lithuania","autumn",54.9585,23.9399,"No",5,0.39,"Poor","0.0967741935483871","0.0645161290322581","0.032258064516129",13,12,0.314317517915036,0.424417355969248,0.763993342506467,0.750998168410283,9.33636502948667,0.509514110443876
"240","LTR50_2014","LTR50_2014_7.10.2014","LTR50",7,10,2014,"7.10.2014",280,"Lithuania","autumn",54.9585,23.9399,"No",5,0.56,"Moderate","0.0645161290322581","0.032258064516129","0.032258064516129",23,21,0.530761478809671,0.424417355969248,0.582866421221156,0.817146238817377,8.72747094856163,0.44938381408903
"241","LTR50_2015","LTR50_2015_6.10.2015","LTR50",6,10,2015,"6.10.2015",279,"Lithuania","autumn",54.9585,23.9399,"No",5,0.47,"Moderate","0.032258064516129","0.032258064516129","0",29,26,0.765675930243112,0.424417355969248,0.603820360784443,0.791952327419553,8.37130788770585,0.408947735477725
"242","LTR50_2016","LTR50_2016_4.10.2016","LTR50",4,10,2016,"4.10.2016",278,"Lithuania","autumn",54.9585,23.9399,"No",5,0.37,"Poor","0","0","0",25,22,0.73365136051326,0.424417355969248,0.510384730769251,0.881095223155154,6.88074686450294,0.270120131983479
"243","LTR50_2017","LTR50_2017_3.10.2017","LTR50",3,10,2017,"3.10.2017",276,"Lithuania","autumn",54.9585,23.9399,"No",5,0.58,"Moderate","0.0161290322580645","0","0.0161290322580645",33,29,0.737085617364876,0.424417355969248,0.581696718072099,0.798492812472287,7.89515117371,0.369357764361036
"244","LTR50_2020","LTR50_2020_6.10.2020","LTR50",6,10,2020,"6.10.2020",280,"Lithuania","autumn",54.9585,23.9399,"No",5,0.4,"Moderate","0.0161290322580645","0.0161290322580645","0",27,23,0.578997850622072,0.424417355969248,0.493914885136383,0.766393653579702,8.18390146241791,0.383152078846763
"229","LTR450_2010","LTR450_2010_7.10.2010","LTR450",7,10,2010,"7.10.2010",280,"Lithuania","autumn",56.0504,22.9727,"No",2,0.61,"Good","NA","NA","NA",22,17,0.0706223602707653,0.526138880416955,0.658805587493965,0.771097602489966,7.15526720663331,0.327288090562548
"230","LTR450_2012","LTR450_2012_29.9.2012","LTR450",29,9,2012,"29.9.2012",273,"Lithuania","autumn",56.0504,22.9727,"No",2,0.41,"Moderate","0.0645161290322581","0.0483870967741935","0.0161290322580645",14,14,0.0952580156834178,0.526138880416955,0.734884980905817,0.703670126819798,8.43471624258351,0.485173801121522
"231","LTR450_2013","LTR450_2013_3.10.2013","LTR450",3,10,2013,"3.10.2013",276,"Lithuania","autumn",56.0504,22.9727,"No",2,0.54,"Moderate","0.032258064516129","0.0161290322580645","0.0161290322580645",17,15,0.180305556468425,0.526138880416955,0.618523900088188,0.808618140481043,11.357807571448,0.726030074928069
"232","LTR450_2014","LTR450_2014_7.10.2014","LTR450",7,10,2014,"7.10.2014",280,"Lithuania","autumn",56.0504,22.9727,"No",2,0.53,"Moderate","0.0645161290322581","0.0161290322580645","0.0483870967741935",17,17,0.107768238150651,0.526138880416955,0.756368884855776,0.74693615385715,8.05038922409555,0.404690898616188
"233","LTR450_2015","LTR450_2015_8.10.2015","LTR450",8,10,2015,"8.10.2015",281,"Lithuania","autumn",56.0504,22.9727,"No",2,0.38,"Poor","0.0806451612903226","0.0483870967741935","0.032258064516129",14,14,0.048420064767863,0.526138880416955,0.593047333378513,0.787204717514704,8.493598431402,0.47101043400514
"234","LTR450_2016","LTR450_2016_26.9.2016","LTR450",26,9,2016,"26.9.2016",270,"Lithuania","autumn",56.0504,22.9727,"No",2,0.52,"Moderate","0.145161290322581","0.032258064516129","0.112903225806452",31,24,0.0319521250819922,0.526138880416955,0.506100017607053,0.726097044340909,6.45392451999732,0.241365684707105
"235","LTR450_2017","LTR450_2017_4.10.2017","LTR450",4,10,2017,"4.10.2017",277,"Lithuania","autumn",56.0504,22.9727,"No",2,0.52,"Moderate","0.112903225806452","0.112903225806452","0",16,16,0.171200673542673,0.526138880416955,0.749811811591458,0.718326474635066,8.6831432062559,0.484256179768485
"236","LTR450_2020","LTR450_2020_12.10.2020","LTR450",12,10,2020,"12.10.2020",286,"Lithuania","autumn",56.0504,22.9727,"No",2,0.38,"Poor","0.0483870967741935","0","0.0483870967741935",19,17,0.13361159524986,0.526138880416955,0.578969930337846,0.89928257673687,11.2642374661238,0.719122371511765
"221","LTR43_2010","LTR43_2010_4.10.2010","LTR43",4,10,2010,"4.10.2010",277,"Lithuania","autumn",54.8387,25.742,"No",4,0.77,"Good","NA","NA","NA",35,30,0.288279885738953,0.505698815038207,0.537796804626505,0.900109929446087,7.15449695172188,0.354139240086647
"222","LTR43_2012","LTR43_2012_1.10.2012","LTR43",1,10,2012,"1.10.2012",275,"Lithuania","autumn",54.8387,25.742,"No",4,0.43,"Moderate","0.0491803278688525","0","0.0491803278688525",21,16,0.0813559887283047,0.505698815038207,0.464820074631139,0.89663156453069,7.40286499215695,0.393888745665731
"223","LTR43_2013","LTR43_2013_7.10.2013","LTR43",7,10,2013,"7.10.2013",280,"Lithuania","autumn",54.8387,25.742,"No",4,0.48,"Moderate","0.0645161290322581","0.0645161290322581","0",38,30,0.256059660718355,0.505698815038207,0.612623038700591,0.826789541677702,7.65464991136579,0.409151406887629
"224","LTR43_2014","LTR43_2014_6.10.2014","LTR43",6,10,2014,"6.10.2014",279,"Lithuania","autumn",54.8387,25.742,"No",4,0.49,"Moderate","0.0161290322580645","0","0.0161290322580645",34,30,0.438452114623352,0.505698815038207,0.505899915955453,0.751484453629572,7.57742732012342,0.407327189905046
"225","LTR43_2015","LTR43_2015_5.10.2015","LTR43",5,10,2015,"5.10.2015",278,"Lithuania","autumn",54.8387,25.742,"No",4,0.57,"Moderate","0.0645161290322581","0.0161290322580645","0.0483870967741935",32,31,0.118344097831362,0.505698815038207,0.504439663700821,0.843564370347452,7.23567413455944,0.345568197625922
"226","LTR43_2016","LTR43_2016_3.10.2016","LTR43",3,10,2016,"3.10.2016",277,"Lithuania","autumn",54.8387,25.742,"No",4,0.71,"Good","0.0819672131147541","0.0327868852459016","0.0491803278688525",30,29,0.145846010851127,0.505698815038207,0.597189385971207,0.681165726222926,5.30504868754438,0.231271415640075
"227","LTR43_2017","LTR43_2017_2.10.2017","LTR43",2,10,2017,"2.10.2017",275,"Lithuania","autumn",54.8387,25.742,"No",4,0.59,"Moderate","0.0645161290322581","0.0645161290322581","0",28,22,0.28566188161762,0.505698815038207,0.458884050121372,0.833800220626629,8.59906592040251,0.500280844229945
"228","LTR43_2020","LTR43_2020_5.10.2020","LTR43",5,10,2020,"5.10.2020",279,"Lithuania","autumn",54.8387,25.742,"No",4,0.38,"Poor","0.0645161290322581","0","0.0645161290322581",21,17,0.113780766798965,0.505698815038207,0.458308715557112,0.872947527497313,8.64682436973062,0.521832777066649
"213","LTR41_2010","LTR41_2010_4.10.2010","LTR41",4,10,2010,"4.10.2010",277,"Lithuania","autumn",55.1774,23.8281,"No",5,0.77,"Good","NA","NA","NA",16,15,0.0361874025999777,0.455083442803167,0.646524196533232,0.868442295264182,6.73224108925769,0.267776489179443
"214","LTR41_2012","LTR41_2012_1.10.2012","LTR41",1,10,2012,"1.10.2012",275,"Lithuania","autumn",55.1774,23.8281,"No",5,0.68,"Good","0.131147540983607","0.131147540983607","0",38,31,0.483050112610286,0.455083442803167,0.203446709101423,0.811448273074725,7.61219592355255,0.368040127721346
"215","LTR41_2013","LTR41_2013_7.10.2013","LTR41",7,10,2013,"7.10.2013",280,"Lithuania","autumn",55.1774,23.8281,"No",5,0.59,"Moderate","0.0483870967741935","0.0161290322580645","0.032258064516129",26,21,0.346523924077202,0.455083442803167,0.484861438997101,0.727514884757956,7.98966819295329,0.403020002961482
"216","LTR41_2014","LTR41_2014_6.10.2014","LTR41",6,10,2014,"6.10.2014",279,"Lithuania","autumn",55.1774,23.8281,"No",5,1,"Very good","0.0163934426229508","0.0163934426229508","0",57,43,0.75757157790789,0.455083442803167,0.470893450171904,0.762965606772608,6.80288587394442,0.291083745837816
"217","LTR41_2015","LTR41_2015_5.10.2015","LTR41",5,10,2015,"5.10.2015",278,"Lithuania","autumn",55.1774,23.8281,"No",5,0.86,"Very good","0.032258064516129","0.0161290322580645","0.0161290322580645",44,39,0.698786610467669,0.455083442803167,0.547737411287004,0.790596115888826,7.33547210368384,0.342897997827855
"218","LTR41_2016","LTR41_2016_3.10.2016","LTR41",3,10,2016,"3.10.2016",277,"Lithuania","autumn",55.1774,23.8281,"No",5,0.62,"Good","0.0327868852459016","0","0.0327868852459016",34,28,0.445119453421262,0.455083442803167,0.549773246862852,0.784198948353329,6.88012238210491,0.289559368773688
"219","LTR41_2017","LTR41_2017_2.10.2017","LTR41",2,10,2017,"2.10.2017",275,"Lithuania","autumn",55.1774,23.8281,"No",5,0.46,"Moderate","0.133333333333333","0.0166666666666667","0.116666666666667",8,6,0.00868846146782881,0.455083442803167,0.631888814202311,0.779565580087989,7.80835306772182,0.395194264407398
"220","LTR41_2020","LTR41_2020_5.10.2020","LTR41",5,10,2020,"5.10.2020",279,"Lithuania","autumn",55.1774,23.8281,"No",5,0.6,"Good","0.172413793103448","0.0862068965517241","0.0862068965517241",22,18,0.0607203105867569,0.455083442803167,0.649982137773166,0.764933271336885,6.60950539327093,0.251742942438831
"205","LTR401_2010","LTR401_2010_7.9.2010","LTR401",7,9,2010,"7.9.2010",250,"Lithuania","autumn",54.6646,23.242,"No",3,0.56,"Moderate","NA","NA","NA",17,16,0.104924236005097,0.497681813570738,0.749721982286265,0.828943577719206,8.20457727984917,0.465333324125124
"206","LTR401_2012","LTR401_2012_25.9.2012","LTR401",25,9,2012,"25.9.2012",269,"Lithuania","autumn",54.6646,23.242,"No",3,0.73,"Good","0.05","0.0166666666666667","0.0333333333333333",20,19,0.100208618284117,0.497681813570738,0.800939159595231,0.792241947365619,8.43252625675049,0.47444627769505
"207","LTR401_2013","LTR401_2013_10.10.2013","LTR401",10,10,2013,"10.10.2013",283,"Lithuania","autumn",54.6646,23.242,"No",3,0.43,"Moderate","0.0655737704918033","0.0491803278688525","0.0163934426229508",22,17,0.115212859325018,0.497681813570738,0.506734009858929,0.79921566093667,7.17981916380315,0.352508202409351
"208","LTR401_2014","LTR401_2014_2.10.2014","LTR401",2,10,2014,"2.10.2014",275,"Lithuania","autumn",54.6646,23.242,"No",3,0.57,"Moderate","0.0327868852459016","0.0163934426229508","0.0163934426229508",24,22,0.175530521478176,0.497681813570738,0.670359962430123,0.748437293308878,7.75543291022258,0.407638912278928
"209","LTR401_2015","LTR401_2015_5.10.2015","LTR401",5,10,2015,"5.10.2015",278,"Lithuania","autumn",54.6646,23.242,"No",3,0.58,"Moderate","0.032258064516129","0.032258064516129","0",28,25,0.248060797213851,0.497681813570738,0.719786849634394,0.731614966668236,7.22103219305957,0.341044770910058
"210","LTR401_2016","LTR401_2016_11.10.2016","LTR401",11,10,2016,"11.10.2016",285,"Lithuania","autumn",54.6646,23.242,"No",3,0.83,"Very good","0.0483870967741935","0","0.0483870967741935",27,25,0.248707180218044,0.497681813570738,0.560788185949962,0.754711882810757,6.86275537018515,0.312962970382429
"211","LTR401_2017","LTR401_2017_11.10.2017","LTR401",11,10,2017,"11.10.2017",284,"Lithuania","autumn",54.6646,23.242,"No",3,0.48,"Moderate","0.0327868852459016","0.0327868852459016","0",27,23,0.308544526886269,0.497681813570738,0.627015813744435,0.801914564482313,7.249687215885,0.365846345661291
"212","LTR401_2020","LTR401_2020_5.10.2020","LTR401",5,10,2020,"5.10.2020",279,"Lithuania","autumn",54.6646,23.242,"No",3,0.5,"Moderate","0.032258064516129","0.0161290322580645","0.0161290322580645",21,18,0.151330503126805,0.497681813570738,0.603625760048928,0.966413132992058,7.66353879116257,0.468429920079941
"197","LTR40_2010","LTR40_2010_4.10.2010","LTR40",4,10,2010,"4.10.2010",277,"Lithuania","autumn",54.9537,23.801,"No",4,0.27,"Poor","NA","NA","NA",8,8,9.58848625424548e-06,0.484278404823452,0.579933075471978,0.828967863131792,4.63954953784604,0.173549033358302
"198","LTR40_2012","LTR40_2012_1.10.2012","LTR40",1,10,2012,"1.10.2012",275,"Lithuania","autumn",54.9537,23.801,"No",4,0.5,"Moderate","0.278688524590164","0.278688524590164","0",23,22,0.136137943325738,0.484278404823452,0.58631272746077,0.757370582308663,6.72481876518162,0.292874088100025
"199","LTR40_2013","LTR40_2013_7.10.2013","LTR40",7,10,2013,"7.10.2013",280,"Lithuania","autumn",54.9537,23.801,"No",4,0.58,"Moderate","0.032258064516129","0.0161290322580645","0.0161290322580645",26,23,0.199714164649308,0.484278404823452,0.648963857720732,0.790826477471495,8.03395067250905,0.437690540871156
"200","LTR40_2014","LTR40_2014_6.10.2014","LTR40",6,10,2014,"6.10.2014",279,"Lithuania","autumn",54.9537,23.801,"No",4,0.51,"Moderate","0.0161290322580645","0.0161290322580645","0",27,25,0.200459514867505,0.484278404823452,0.682569171831764,0.781138129032866,7.47253944491916,0.392292557300366
"201","LTR40_2015","LTR40_2015_5.10.2015","LTR40",5,10,2015,"5.10.2015",278,"Lithuania","autumn",54.9537,23.801,"No",4,0.45,"Moderate","0","0","0",32,31,0.386445492056366,0.484278404823452,0.635434061089733,0.786766060349002,7.97639997638278,0.442041278686113
"202","LTR40_2016","LTR40_2016_3.10.2016","LTR40",3,10,2016,"3.10.2016",277,"Lithuania","autumn",54.9537,23.801,"No",4,0.57,"Moderate","0.0806451612903226","0","0.0806451612903226",22,18,0.058147874535776,0.484278404823452,0.669551723030643,0.863182854283295,7.43948138953253,0.345027751543425
"203","LTR40_2017","LTR40_2017_2.10.2017","LTR40",2,10,2017,"2.10.2017",275,"Lithuania","autumn",54.9537,23.801,"No",4,0.51,"Moderate","0.0806451612903226","0.0806451612903226","0",23,22,0.169558077276408,0.484278404823452,0.697523487589306,0.796245303113712,8.46058702922758,0.493125697484037
"204","LTR40_2020","LTR40_2020_5.10.2020","LTR40",5,10,2020,"5.10.2020",279,"Lithuania","autumn",54.9537,23.801,"No",4,0.48,"Moderate","0.129032258064516","0","0.129032258064516",18,15,0.0113433901125887,0.484278404823452,0.510564183274067,0.838666872400008,6.62805519092988,0.274583617674164
"189","LTR387_2010","LTR387_2010_27.9.2010","LTR387",27,9,2010,"27.9.2010",270,"Lithuania","autumn",55.7003,24.4333,"No",2,0.74,"Good","NA","NA","NA",22,19,0.0375257941466313,0.48687322650863,0.702053520728821,0.905759328975667,6.21561155127393,0.224973694469111
"190","LTR387_2012","LTR387_2012_24.9.2012","LTR387",24,9,2012,"24.9.2012",268,"Lithuania","autumn",55.7003,24.4333,"No",2,0.65,"Good","0.0172413793103448","0.0172413793103448","0",28,28,0.106526507381186,0.48687322650863,0.767648505121206,0.911984951649268,6.73941323939519,0.258100816737115
"191","LTR387_2013","LTR387_2013_23.9.2013","LTR387",23,9,2013,"23.9.2013",266,"Lithuania","autumn",55.7003,24.4333,"No",2,0.57,"Moderate","0.0967741935483871","0.0645161290322581","0.032258064516129",33,30,0.197515296661749,0.48687322650863,0.68185543671534,0.768487533030415,7.12181252354183,0.300146672571145
"192","LTR387_2014","LTR387_2014_24.9.2014","LTR387",24,9,2014,"24.9.2014",267,"Lithuania","autumn",55.7003,24.4333,"No",2,0.62,"Good","0.0655737704918033","0.0163934426229508","0.0491803278688525",27,22,0.109545512944163,0.48687322650863,0.488370472028847,0.68355771246952,6.27282606513138,0.229832944799923
"193","LTR387_2015","LTR387_2015_28.9.2015","LTR387",28,9,2015,"28.9.2015",271,"Lithuania","autumn",55.7003,24.4333,"No",2,0.57,"Moderate","0.0666666666666667","0.0333333333333333","0.0333333333333333",28,27,0.1240200992796,0.48687322650863,0.70120256977445,0.887732295633465,7.3797865427903,0.296683317566361
"194","LTR387_2016","LTR387_2016_26.9.2016","LTR387",26,9,2016,"26.9.2016",270,"Lithuania","autumn",55.7003,24.4333,"No",2,0.51,"Moderate","0.0338983050847458","0.0169491525423729","0.0169491525423729",23,22,0.0964647794562589,0.48687322650863,0.750957269948135,0.913233199790474,7.04143077112619,0.278193944823383
"195","LTR387_2017","LTR387_2017_16.10.2017","LTR387",16,10,2017,"16.10.2017",289,"Lithuania","autumn",55.7003,24.4333,"No",2,0.57,"Moderate","0.155172413793103","0","0.155172413793103",9,9,0.000704411818014579,0.48687322650863,0.636180054166326,0.811591866941001,6.58977116632089,0.247812176575946
"196","LTR387_2020","LTR387_2020_22.9.2020","LTR387",22,9,2020,"22.9.2020",266,"Lithuania","autumn",55.7003,24.4333,"No",2,0.61,"Good","0.209677419354839","0.209677419354839","0",38,32,0.215899265544045,0.48687322650863,0.462706732490975,0.826527397154722,7.20444977252368,0.305533796883102
"181","LTR33_2010","LTR33_2010_6.10.2010","LTR33",6,10,2010,"6.10.2010",279,"Lithuania","autumn",55.0839,23.4315,"No",5,0.35,"Poor","NA","NA","NA",8,8,0.00130314149550992,0.506788857837165,0.733772346873297,0.86325876586239,11.5004445435533,0.690791112375068
"182","LTR33_2012","LTR33_2012_3.10.2012","LTR33",3,10,2012,"3.10.2012",277,"Lithuania","autumn",55.0839,23.4315,"No",5,0.62,"Good","0.161290322580645","0.0483870967741935","0.112903225806452",18,15,0.00941045884843852,0.506788857837165,0.525065417521599,0.778806720573443,4.21463142716959,0.126812868696443
"183","LTR33_2013","LTR33_2013_9.10.2013","LTR33",9,10,2013,"9.10.2013",282,"Lithuania","autumn",55.0839,23.4315,"No",5,0.76,"Good","0.229508196721311","0.0983606557377049","0.131147540983607",13,12,0.0201818187566553,0.506788857837165,0.795370116042655,0.731947349799362,8.62616620282841,0.460496838325057
"184","LTR33_2014","LTR33_2014_8.10.2014","LTR33",8,10,2014,"8.10.2014",281,"Lithuania","autumn",55.0839,23.4315,"No",5,0.67,"Good","0.131147540983607","0.131147540983607","0",33,28,0.451644674879008,0.506788857837165,0.571424214641015,0.805630904121394,8.92837958480313,0.474834865470608
"185","LTR33_2015","LTR33_2015_7.10.2015","LTR33",7,10,2015,"7.10.2015",280,"Lithuania","autumn",55.0839,23.4315,"No",5,0.73,"Good","0","0","0",27,27,0.27559894188792,0.506788857837165,0.674831088219498,0.799123633003641,7.41516379885421,0.32470851227867
"186","LTR33_2016","LTR33_2016_5.10.2016","LTR33",5,10,2016,"5.10.2016",279,"Lithuania","autumn",55.0839,23.4315,"No",5,0.67,"Good","0","0","0",34,29,0.483068711461775,0.506788857837165,0.528786872125615,0.770014125923576,7.6841574794775,0.351033743728095
"187","LTR33_2017","LTR33_2017_4.10.2017","LTR33",4,10,2017,"4.10.2017",277,"Lithuania","autumn",55.0839,23.4315,"No",5,0.86,"Very good","0.032258064516129","0.0161290322580645","0.0161290322580645",42,34,0.227972125484011,0.506788857837165,0.549546134373101,0.802415169018506,6.86145564040876,0.272271234337942
"188","LTR33_2020","LTR33_2020_7.10.2020","LTR33",7,10,2020,"7.10.2020",281,"Lithuania","autumn",55.0839,23.4315,"No",5,0.56,"Moderate","0.0806451612903226","0.0161290322580645","0.0645161290322581",28,27,0.0796620652329701,0.506788857837165,0.649712899918397,0.803015944846145,7.07357688561853,0.266549874685502
"173","LTR327_2010","LTR327_2010_27.9.2010","LTR327",27,9,2010,"27.9.2010",270,"Lithuania","autumn",55.5743,25.0506,"No",4,0.66,"Good","NA","NA","NA",15,13,0.00788799548309981,0.504085883052703,0.621888356292031,0.830884697442123,6.55166224795081,0.184566607626775
"174","LTR327_2012","LTR327_2012_24.9.2012","LTR327",24,9,2012,"24.9.2012",268,"Lithuania","autumn",55.5743,25.0506,"No",4,0.78,"Good","0.0526315789473684","0.0526315789473684","0",44,38,0.0843047092171211,0.504085883052703,0.555073708729932,0.774070852560704,5.76951930218018,0.156310643917483
"175","LTR327_2013","LTR327_2013_18.9.2013","LTR327",18,9,2013,"18.9.2013",261,"Lithuania","autumn",55.5743,25.0506,"No",4,0.67,"Good","0.0806451612903226","0.0806451612903226","0",29,25,0.168515838141487,0.504085883052703,0.714861580596928,0.770589453409103,9.19070096888194,0.444386059804368
"176","LTR327_2014","LTR327_2014_15.9.2014","LTR327",15,9,2014,"15.9.2014",258,"Lithuania","autumn",55.5743,25.0506,"No",4,0.71,"Good","0.0806451612903226","0","0.0806451612903226",43,38,0.0896893857165075,0.504085883052703,0.475200255467947,0.882473525268881,5.82701701954913,0.151385764874254
"177","LTR327_2015","LTR327_2015_22.9.2015","LTR327",22,9,2015,"22.9.2015",265,"Lithuania","autumn",55.5743,25.0506,"No",4,0.66,"Good","0.0967741935483871","0.0806451612903226","0.0161290322580645",35,31,0.288615424765497,0.504085883052703,0.573092412074928,0.764298883427232,6.50238548197181,0.207383444213905
"178","LTR327_2016","LTR327_2016_27.9.2016","LTR327",27,9,2016,"27.9.2016",271,"Lithuania","autumn",55.5743,25.0506,"No",4,0.7,"Good","0.0163934426229508","0","0.0163934426229508",32,26,0.179165242128176,0.504085883052703,0.577340164942644,0.77321825227813,7.7737718321704,0.327142049076804
"179","LTR327_2017","LTR327_2017_26.10.2017","LTR327",26,10,2017,"26.10.2017",299,"Lithuania","autumn",55.5743,25.0506,"No",4,0.81,"Very good","0.147540983606557","0.0163934426229508","0.131147540983607",15,12,0.0026951279581103,0.504085883052703,0.361031315416757,0.597909227410924,3.75467160722793,0.0857885058120386
"180","LTR327_2020","LTR327_2020_21.9.2020","LTR327",21,9,2020,"21.9.2020",265,"Lithuania","autumn",55.5743,25.0506,"No",4,0.69,"Good","0.0701754385964912","0.0701754385964912","0",32,30,0.0734784679993111,0.504085883052703,0.719936814035106,0.831739421833354,6.53600830223617,0.193106018154752
"165","LTR325_2010","LTR325_2010_27.9.2010","LTR325",27,9,2010,"27.9.2010",270,"Lithuania","autumn",55.355,26.4257,"No",2,0.73,"Good","NA","NA","NA",22,19,0.115416030583461,0.481226090914607,0.586391313243028,0.801848781863355,6.69849697572167,0.301311657299362
"166","LTR325_2012","LTR325_2012_26.9.2012","LTR325",26,9,2012,"26.9.2012",270,"Lithuania","autumn",55.355,26.4257,"No",2,0.81,"Very Good","0.0819672131147541","0","0.0819672131147541",30,27,0.0753987655089924,0.481226090914607,0.545571017949673,0.856691652197627,6.42143365460523,0.260961314382684
"167","LTR325_2013","LTR325_2013_16.9.2013","LTR325",16,9,2013,"16.9.2013",259,"Lithuania","autumn",55.355,26.4257,"No",2,0.64,"Good","0.0819672131147541","0.0819672131147541","0",39,29,0.375632074769273,0.481226090914607,0.504830654744029,0.788825703058186,7.61786539578542,0.395635016623274
"168","LTR325_2014","LTR325_2014_23.9.2014","LTR325",23,9,2014,"23.9.2014",266,"Lithuania","autumn",55.355,26.4257,"No",2,0.77,"Good","0.0491803278688525","0","0.0491803278688525",44,42,0.228308972540984,0.481226090914607,0.66075137111644,0.839494438090905,7.33378195015597,0.336638358644738
"169","LTR325_2015","LTR325_2015_21.9.2015","LTR325",21,9,2015,"21.9.2015",264,"Lithuania","autumn",55.355,26.4257,"No",2,0.69,"Good","0.0491803278688525","0.0491803278688525","0",37,31,0.33612015539533,0.481226090914607,0.710362280184171,0.829587462553639,7.543829240173,0.367417601653325
"170","LTR325_2016","LTR325_2016_26.9.2016","LTR325",26,9,2016,"26.9.2016",270,"Lithuania","autumn",55.355,26.4257,"No",2,0.58,"Moderate","0.0161290322580645","0.0161290322580645","0",39,32,0.292951602633036,0.481226090914607,0.591416527188091,0.844616064268139,7.34662600892708,0.350211688683729
"171","LTR325_2017","LTR325_2017_25.10.2017","LTR325",25,10,2017,"25.10.2017",298,"Lithuania","autumn",55.355,26.4257,"No",2,0.58,"Moderate","0.0806451612903226","0","0.0806451612903226",24,23,0.0921372939534107,0.481226090914607,0.47960963753976,0.954557683786962,4.17091996454989,0.147736240700772
"172","LTR325_2020","LTR325_2020_22.9.2020","LTR325",22,9,2020,"22.9.2020",266,"Lithuania","autumn",55.355,26.4257,"No",2,0.77,"Good","0.0655737704918033","0.0655737704918033","0",25,25,0.27903930035342,0.481226090914607,0.61335316414288,0.742225518567693,6.75612186636276,0.304701515540764
"156","LTR268_2010","LTR268_2010_11.10.2010","LTR268",11,10,2010,"11.10.2010",284,"Lithuania","autumn",55.1628,21.9385,"Yes",2,0.49,"Moderate","NA","NA","NA",15,15,0.00706350754549216,0.476252570008524,0.745669106485612,0.902393022222997,6.50238860120648,0.278902781832333
"157","LTR268_2011","LTR268_2011_28.9.2011","LTR268",28,9,2011,"28.9.2011",271,"Lithuania","autumn",55.1628,21.9385,"Yes",2,0.47,"Moderate","0.0967741935483871","0.0645161290322581","0.032258064516129",14,13,0.0605877707948451,0.476252570008524,0.752804960674929,0.608021672462668,6.69298545161114,0.322323823635728
"158","LTR268_2012","LTR268_2012_8.10.2012","LTR268",8,10,2012,"8.10.2012",282,"Lithuania","autumn",55.1628,21.9385,"Yes",2,0.49,"Moderate","0.0645161290322581","0.032258064516129","0.032258064516129",14,14,0.102892279195514,0.476252570008524,0.680502770498611,0.841490257918434,10.4019929995143,0.705338370136872
"159","LTR268_2013","LTR268_2013_26.9.2013","LTR268",26,9,2013,"26.9.2013",269,"Lithuania","autumn",55.1628,21.9385,"Yes",2,0.49,"Moderate","0.262295081967213","0.0163934426229508","0.245901639344262",8,8,3.38807630809394e-05,0.476252570008524,0.666679841244077,0.87680880233394,3.81795524878791,0.144811284911666
"160","LTR268_2014","LTR268_2014_13.10.2014","LTR268",13,10,2014,"13.10.2014",286,"Lithuania","autumn",55.1628,21.9385,"Yes",2,0.56,"Moderate","0.258064516129032","0.258064516129032","0",24,21,0.254806764066013,0.476252570008524,0.569995965657902,0.87315164398702,8.69941714041295,0.547187152166439
"161","LTR268_2015","LTR268_2015_12.10.2015","LTR268",12,10,2015,"12.10.2015",285,"Lithuania","autumn",55.1628,21.9385,"Yes",2,0.63,"Good","0.032258064516129","0","0.032258064516129",16,14,0.0161903578597906,0.476252570008524,0.671126447073942,0.746967896706409,7.5658275086676,0.401109041711058
"162","LTR268_2016","LTR268_2016_12.9.2016","LTR268",12,9,2016,"12.9.2016",256,"Lithuania","autumn",55.1628,21.9385,"Yes",2,0.57,"Good","0.0163934426229508","0.0163934426229508","0",20,20,0.185608087142238,0.476252570008524,0.518739150271282,0.822203092170226,9.40119483452146,0.584176482281091
"163","LTR268_2017","LTR268_2017_4.10.2017","LTR268",4,10,2017,"4.10.2017",277,"Lithuania","autumn",55.1628,21.9385,"Yes",2,0.55,"Good","0.0161290322580645","0.0161290322580645","0",19,19,0.143561091172287,0.476252570008524,0.733445610999675,0.783446066429574,9.57552717639267,0.591087157053625
"164","LTR268_2020","LTR268_2020_14.9.2020","LTR268",14,9,2020,"14.9.2020",258,"Lithuania","autumn",55.1628,21.9385,"Yes",2,0.69,"Good","0","0","0",50,44,0.552098542001172,0.476252570008524,0.554493144515336,0.66600453036248,6.53516108118427,0.286039816078853
"148","LTR26_2010","LTR26_2010_14.9.2010","LTR26",14,9,2010,"14.9.2010",257,"Lithuania","autumn",54.3569,23.0636,"Yes",3,0.77,"Very Good","NA","NA","NA",23,20,0.0755181328944848,0.480509633298995,0.54543558146774,0.882861211577617,7.10917927033527,0.329445251919747
"149","LTR26_2012","LTR26_2012_25.9.2012","LTR26",25,9,2012,"25.9.2012",269,"Lithuania","autumn",54.3569,23.0636,"Yes",3,0.65,"Good","0.0491803278688525","0.0163934426229508","0.0327868852459016",14,12,0.0255800680690983,0.480509633298995,0.696036263841925,0.799046373836835,6.82936304734452,0.302918288498419
"150","LTR26_2013","LTR26_2013_11.10.2013","LTR26",11,10,2013,"11.10.2013",284,"Lithuania","autumn",54.3569,23.0636,"Yes",3,0.77,"Very Good","0.0327868852459016","0.0327868852459016","0",41,34,0.311455640443352,0.480509633298995,0.645888342752004,0.827989830955517,7.35415587051294,0.335460447422403
"151","LTR26_2014","LTR26_2014_1.10.2014","LTR26",1,10,2014,"1.10.2014",274,"Lithuania","autumn",54.3569,23.0636,"Yes",3,0.73,"Very good","0.0483870967741935","0.0161290322580645","0.032258064516129",25,22,0.115815110691822,0.480509633298995,0.691702511890796,0.809958253778369,6.93957517013289,0.311397347042662
"152","LTR26_2015","LTR26_2015_5.10.2015","LTR26",5,10,2015,"5.10.2015",278,"Lithuania","autumn",54.3569,23.0636,"Yes",3,0.79,"Very good","0.0483870967741935","0.032258064516129","0.0161290322580645",41,36,0.262274687012305,0.480509633298995,0.620996318896049,0.795060893364084,6.8180143873671,0.291241780014394
"153","LTR26_2016","LTR26_2016_4.10.2016","LTR26",4,10,2016,"4.10.2016",278,"Lithuania","autumn",54.3569,23.0636,"Yes",3,1,"Very good","0.0161290322580645","0.0161290322580645","0",48,39,0.530744995899473,0.480509633298995,0.613303147234617,0.734760844610932,6.75436498609719,0.288250241266018
"154","LTR26_2017","LTR26_2017_9.10.2017","LTR26",9,10,2017,"9.10.2017",282,"Lithuania","autumn",54.3569,23.0636,"Yes",3,0.68,"Good","0.0161290322580645","0","0.0161290322580645",34,28,0.186658246435584,0.480509633298995,0.510253540038107,0.80444115506207,6.88421593766761,0.297723622153639
"155","LTR26_2020","LTR26_2020_7.10.2020","LTR26",7,10,2020,"7.10.2020",281,"Lithuania","autumn",54.3569,23.0636,"Yes",3,0.77,"Very good","0.0163934426229508","0","0.0163934426229508",31,29,0.258581914958811,0.480509633298995,0.634449653713776,0.808271883642584,7.80671272966335,0.383042595857877
"140","LTR245_2010","LTR245_2010_4.10.2010","LTR245",4,10,2010,"4.10.2010",277,"Lithuania","autumn",55.351,23.906,"No",3,0.47,"Moderate","NA","NA","NA",17,16,0.11671411936896,0.491497379960177,0.650251605435163,0.824662597726622,9.56249390093506,0.582754251392734
"141","LTR245_2012","LTR245_2012_1.10.2012","LTR245",1,10,2012,"1.10.2012",275,"Lithuania","autumn",55.351,23.906,"No",3,0.47,"Moderate","0.0161290322580645","0","0.0161290322580645",26,25,0.25004794184217,0.491497379960177,0.549370463330861,0.91197556399724,9.02774828861537,0.540488902675119
"142","LTR245_2013","LTR245_2013_7.10.2013","LTR245",7,10,2013,"7.10.2013",280,"Lithuania","autumn",55.351,23.906,"No",3,0.62,"Good","0.0819672131147541","0","0.0819672131147541",16,11,0.00354844954325247,0.491497379960177,0.546267194449567,0.725844690254946,5.83854580751033,0.229476066040105
"143","LTR245_2014","LTR245_2014_6.10.2014","LTR245",6,10,2014,"6.10.2014",279,"Lithuania","autumn",55.351,23.906,"No",3,0.7,"Good","0.0967741935483871","0.0967741935483871","0",40,35,0.283549391147521,0.491497379960177,0.663888612273918,0.771710855884248,7.0054776132409,0.323095166521046
"144","LTR245_2015","LTR245_2015_5.10.2015","LTR245",5,10,2015,"5.10.2015",278,"Lithuania","autumn",55.351,23.906,"No",3,0.6,"Good","0","0","0",31,30,0.429186977419406,0.491497379960177,0.512178119836827,0.717119545848723,7.72624093970938,0.413615089443304
"145","LTR245_2016","LTR245_2016_3.10.2016","LTR245",3,10,2016,"3.10.2016",277,"Lithuania","autumn",55.351,23.906,"No",3,0.54,"Moderate","0.032258064516129","0","0.032258064516129",21,17,0.0873519804580164,0.491497379960177,0.681067109870549,0.905256706551005,8.97249738398148,0.531129661775016
"146","LTR245_2017","LTR245_2017_2.10.2017","LTR245",2,10,2017,"2.10.2017",275,"Lithuania","autumn",55.351,23.906,"No",3,0.46,"Moderate","0.166666666666667","0","0.166666666666667",16,11,0.00349880814135581,0.491497379960177,0.573253829045335,0.857936444866598,5.73160812903643,0.210185876894749
"147","LTR245_2020","LTR245_2020_5.10.2020","LTR245",5,10,2020,"5.10.2020",279,"Lithuania","autumn",55.351,23.906,"No",3,0.46,"Moderate","0.160714285714286","0.107142857142857","0.0535714285714286",19,18,0.0495464085461327,0.491497379960177,0.759359120721991,0.86833055699552,7.02087788107154,0.307752871005896
"132","LTR231_2010","LTR231_2010_6.10.2010","LTR231",6,10,2010,"6.10.2010",279,"Lithuania","autumn",55.3031,23.0187,"No",1,0.59,"Moderate","NA","NA","NA",6,6,0.000492360324116194,0.469148434571463,0.893273616420921,0.7854571946329,12.1455514783541,0.72888801881164
"133","LTR231_2012","LTR231_2012_3.10.2012","LTR231",3,10,2012,"3.10.2012",277,"Lithuania","autumn",55.3031,23.0187,"No",1,0.61,"Good","0.2","0.183333333333333","0.0166666666666667",15,13,0.304855207838901,0.469148434571463,0.680802945021346,0.756897938668805,8.71610023859028,0.426325490389206
"134","LTR231_2013","LTR231_2013_9.10.2013","LTR231",9,10,2013,"9.10.2013",282,"Lithuania","autumn",55.3031,23.0187,"No",1,0.77,"Good","0","0","0",26,21,0.34013807762064,0.469148434571463,0.665882232182092,0.793150087810027,8.99513064028134,0.467083625773668
"135","LTR231_2014","LTR231_2014_9.10.2014","LTR231",9,10,2014,"9.10.2014",282,"Lithuania","autumn",55.3031,23.0187,"No",1,0.76,"Good","0.0483870967741935","0.0483870967741935","0",31,27,0.71182101290409,0.469148434571463,0.614470927108019,0.778354730184681,8.3410305020755,0.380676156814004
"136","LTR231_2015","LTR231_2015_7.10.2015","LTR231",7,10,2015,"7.10.2015",280,"Lithuania","autumn",55.3031,23.0187,"No",1,0.41,"Moderate","0.0161290322580645","0","0.0161290322580645",11,11,0.024785656779215,0.469148434571463,0.558234900835277,0.619907826927403,8.85757245037779,0.455915691206963
"137","LTR231_2016","LTR231_2016_5.10.2016","LTR231",5,10,2016,"5.10.2016",279,"Lithuania","autumn",55.3031,23.0187,"No",1,0.68,"Good","0.0327868852459016","0","0.0327868852459016",25,20,0.367702583664287,0.469148434571463,0.643307266998877,0.787203999359143,9.47164565451253,0.515158746489325
"138","LTR231_2017","LTR231_2017_4.10.2017","LTR231",4,10,2017,"4.10.2017",277,"Lithuania","autumn",55.3031,23.0187,"No",1,0.56,"Moderate","0.0169491525423729","0","0.0169491525423729",24,21,0.243221577501459,0.469148434571463,0.711944177392569,0.807003890967286,7.65422900920244,0.346423483966656
"139","LTR231_2020","LTR231_2020_7.10.2020","LTR231",7,10,2020,"7.10.2020",281,"Lithuania","autumn",55.3031,23.0187,"No",1,0.64,"Good","0.163934426229508","0.0491803278688525","0.114754098360656",26,20,0.122576443102743,0.469148434571463,0.530628594058548,0.84814630705815,6.90472974910599,0.237757532905161
"124","LTR192_2010","LTR192_2010_5.10.2010","LTR192",5,10,2010,"5.10.2010",278,"Lithuania","autumn",55.1921,24.689,"No",3,0.96,"Very Good","NA","NA","NA",35,29,0.0488769203765347,0.47377815333599,0.552469347059637,0.818576849786928,6.19341069109051,0.203584692572459
"125","LTR192_2012","LTR192_2012_8.10.2012","LTR192",8,10,2012,"8.10.2012",282,"Lithuania","autumn",55.1921,24.689,"No",3,0.89,"Very Good","0.0819672131147541","0.0819672131147541","0",35,30,0.1024577465611,0.47377815333599,0.70709148800317,0.777433109357689,7.33344981361049,0.308170554888009
"126","LTR192_2013","LTR192_2013_14.10.2013","LTR192",14,10,2013,"14.10.2013",287,"Lithuania","autumn",55.1921,24.689,"No",3,0.86,"Very Good","0.032258064516129","0.0161290322580645","0.0161290322580645",49,41,0.38264793156167,0.47377815333599,0.415528756955139,0.758833311136307,7.25450019976957,0.288668370297561
"127","LTR192_2014","LTR192_2014_1.10.2014","LTR192",1,10,2014,"1.10.2014",274,"Lithuania","autumn",55.1921,24.689,"No",3,0.92,"Very good","0.0806451612903226","0.0161290322580645","0.0645161290322581",44,37,0.0916455034144627,0.47377815333599,0.513432176485576,0.721076345538487,5.50643894131727,0.172828623530694
"128","LTR192_2015","LTR192_2015_7.10.2015","LTR192",7,10,2015,"7.10.2015",280,"Lithuania","autumn",55.1921,24.689,"No",3,0.99,"Very good","0.0338983050847458","0.0169491525423729","0.0169491525423729",58,50,0.178291887299595,0.47377815333599,0.582361395471069,0.679940451233163,6.41325529176915,0.223066262291142
"129","LTR192_2016","LTR192_2016_10.10.2016","LTR192",10,10,2016,"10.10.2016",284,"Lithuania","autumn",55.1921,24.689,"No",3,0.85,"Very good","0.0645161290322581","0.0645161290322581","0",41,37,0.353190542114762,0.47377815333599,0.671626641784064,0.829813472524798,7.81532101197773,0.34971811455032
"130","LTR192_2017","LTR192_2017_4.10.2017","LTR192",4,10,2017,"4.10.2017",277,"Lithuania","autumn",55.1921,24.689,"No",3,0.69,"Good","0.0161290322580645","0","0.0161290322580645",39,31,0.279413410554897,0.47377815333599,0.594940023738301,0.822118246722446,8.22982809583972,0.399336563485198
"131","LTR192_2020","LTR192_2020_1.10.2020","LTR192",1,10,2020,"1.10.2020",275,"Lithuania","autumn",55.1921,24.689,"No",3,0.49,"Moderate","0.0161290322580645","0.0161290322580645","0",26,21,0.21470376377864,0.47377815333599,0.634150856151226,0.867726659828226,10.0171906672704,0.553199887174622
"116","LTR175_2010","LTR175_2010_7.10.2010","LTR175",7,10,2010,"7.10.2010",280,"Lithuania","autumn",55.0217,25.8575,"No",3,0.92,"Very Good","NA","NA","NA",31,29,0.197624006190177,0.493969446747976,0.569154923983181,0.782619100748073,6.66984170903703,0.270416122366402
"117","LTR175_2012","LTR175_2012_3.10.2012","LTR175",3,10,2012,"3.10.2012",277,"Lithuania","autumn",55.0217,25.8575,"No",3,0.69,"Good","0","0","0",29,27,0.105922781527557,0.493969446747976,0.74141467733958,0.798850198452468,7.64310233421427,0.360278662680907
"118","LTR175_2013","LTR175_2013_10.10.2013","LTR175",10,10,2013,"10.10.2013",283,"Lithuania","autumn",55.0217,25.8575,"No",3,0.67,"Good","0","0","0",35,30,0.363882209463006,0.493969446747976,0.491110198354153,0.768584994496128,7.00926684945435,0.307171476535764
"119","LTR175_2014","LTR175_2014_13.10.2014","LTR175",13,10,2014,"13.10.2014",286,"Lithuania","autumn",55.0217,25.8575,"No",3,0.9,"Very good","0.0806451612903226","0","0.0806451612903226",40,35,0.0847352606871897,0.493969446747976,0.472719754067187,0.6819095324388,5.82205561894326,0.212751442406623
"120","LTR175_2015","LTR175_2015_1.10.2015","LTR175",1,10,2015,"1.10.2015",274,"Lithuania","autumn",55.0217,25.8575,"No",3,0.86,"Very good","0.0338983050847458","0.0338983050847458","0",42,39,0.146584321772015,0.493969446747976,0.601380755067919,0.639625901223477,5.02090538537725,0.177145700944196
"121","LTR175_2016","LTR175_2016_12.10.2016","LTR175",12,10,2016,"12.10.2016",286,"Lithuania","autumn",55.0217,25.8575,"No",3,0.72,"Good","0.0806451612903226","0.0483870967741935","0.032258064516129",24,22,0.190697179318331,0.493969446747976,0.634765217248951,0.763313523918458,7.1839237701679,0.320549417114086
"122","LTR175_2017","LTR175_2017_3.10.2017","LTR175",3,10,2017,"3.10.2017",276,"Lithuania","autumn",55.0217,25.8575,"No",3,0.75,"Good","0","0","0",19,17,0.123026488895891,0.493969446747976,0.713588114458521,0.738273827566351,7.97285729452729,0.388020558920382
"123","LTR175_2020","LTR175_2020_7.10.2020","LTR175",7,10,2020,"7.10.2020",281,"Lithuania","autumn",55.0217,25.8575,"No",3,0.9,"Very good","0.0491803278688525","0.0163934426229508","0.0327868852459016",28,25,0.0671339636710542,0.493969446747976,0.726625147505894,0.710761990378648,6.40986807762345,0.259978774027638
"108","LTR161_2010","LTR161_2010_5.10.2010","LTR161",5,10,2010,"5.10.2010",278,"Lithuania","autumn",54.37,24.8748,"No",2,0.77,"Good","NA","NA","NA",47,41,0.41142520904768,0.477249535713281,0.470240095129055,0.861131240902843,7.41193199286835,0.331037225594647
"109","LTR161_2012","LTR161_2012_4.10.2012","LTR161",4,10,2012,"4.10.2012",278,"Lithuania","autumn",54.37,24.8748,"No",2,0.62,"Good","0","0","0",32,30,0.386357483475344,0.477249535713281,0.719360499670326,0.871809794416471,9.58423721142146,0.527242187925095
"110","LTR161_2013","LTR161_2013_8.10.2013","LTR161",8,10,2013,"8.10.2013",281,"Lithuania","autumn",54.37,24.8748,"No",2,0.81,"Very Good","0","0","0",46,35,0.365747554160323,0.477249535713281,0.546185351095857,0.847483760565623,8.50500396792418,0.434312394793016
"111","LTR161_2014","LTR161_2014_13.10.2014","LTR161",13,10,2014,"13.10.2014",286,"Lithuania","autumn",54.37,24.8748,"No",2,0.61,"Good","0","0","0",38,30,0.342417008013748,0.477249535713281,0.622102966309915,0.782646597301695,8.03971436199179,0.390983475915129
"112","LTR161_2015","LTR161_2015_1.10.2015","LTR161",1,10,2015,"1.10.2015",274,"Lithuania","autumn",54.37,24.8748,"No",2,0.84,"Very good","0","0","0",44,33,0.35177361400732,0.477249535713281,0.453666725524256,0.893141984960681,8.60126533469132,0.445759003866612
"113","LTR161_2016","LTR161_2016_18.10.2016","LTR161",18,10,2016,"18.10.2016",292,"Lithuania","autumn",54.37,24.8748,"No",2,0.71,"Good","0","0","0",35,29,0.395802836636085,0.477249535713281,0.619013760740391,0.833721252899695,7.57316881414507,0.342488071547963
"114","LTR161_2017","LTR161_2017_6.10.2017","LTR161",6,10,2017,"6.10.2017",279,"Lithuania","autumn",54.37,24.8748,"No",2,0.94,"Very good","0.0161290322580645","0","0.0161290322580645",64,42,0.246163627766852,0.477249535713281,0.550293089432684,0.860361530939287,7.87687422614836,0.377641220771255
"115","LTR161_2020","LTR161_2020_15.10.2020","LTR161",15,10,2020,"15.10.2020",289,"Lithuania","autumn",54.37,24.8748,"No",2,0.56,"Moderate","0.0161290322580645","0.0161290322580645","0",34,28,0.276808229627316,0.477249535713281,0.528781306168905,0.893966934068324,9.00108159228601,0.47452743890106
"99","LTR1462_2010","LTR1462_2010_11.10.2010","LTR1462",11,10,2010,"11.10.2010",284,"Lithuania","autumn",55.5031,22.0195,"No",2,0.63,"Good","NA","NA","NA",22,22,0.241785816244787,0.468883801080311,0.702387210508426,0.904934021174561,8.29484629094196,0.404378872600232
"100","LTR1462_2011","LTR1462_2011_12.9.2011","LTR1462",12,9,2011,"12.9.2011",255,"Lithuania","autumn",55.5031,22.0195,"No",2,0.36,"Poor","0.0163934426229508","0","0.0163934426229508",9,9,0.00196092835352558,0.468883801080311,0.611092145207917,0.94509353517862,8.9882702085722,0.432750869973121
"101","LTR1462_2012","LTR1462_2012_18.10.2012","LTR1462",18,10,2012,"18.10.2012",292,"Lithuania","autumn",55.5031,22.0195,"No",2,0.52,"Moderate","0.032258064516129","0.032258064516129","0",18,17,0.0928980311465037,0.468883801080311,0.679377038757032,0.825481142019322,7.2273322394173,0.311787879488537
"102","LTR1462_2013","LTR1462_2013_25.9.2013","LTR1462",25,9,2013,"25.9.2013",268,"Lithuania","autumn",55.5031,22.0195,"No",2,0.76,"Good","0","0","0",30,27,0.294366691795458,0.468883801080311,0.647007610469024,0.872940148735732,8.01895226790911,0.36936369526899
"103","LTR1462_2014","LTR1462_2014_13.10.2014","LTR1462",13,10,2014,"13.10.2014",286,"Lithuania","autumn",55.5031,22.0195,"No",2,0.74,"Good","0.0161290322580645","0","0.0161290322580645",37,28,0.16726557290992,0.468883801080311,0.599978638655434,0.826966155165185,7.13539241738918,0.287962606936217
"104","LTR1462_2015","LTR1462_2015_12.10.2015","LTR1462",12,10,2015,"12.10.2015",285,"Lithuania","autumn",55.5031,22.0195,"No",2,0.77,"Good","0.0163934426229508","0","0.0163934426229508",33,31,0.246137713615683,0.468883801080311,0.619916718012639,0.820680906361269,6.55430328388532,0.258118558945682
"105","LTR1462_2016","LTR1462_2016_12.9.2016","LTR1462",12,9,2016,"12.9.2016",256,"Lithuania","autumn",55.5031,22.0195,"No",2,0.56,"Moderate","0.0163934426229508","0.0163934426229508","0",18,18,0.0699320882369794,0.468883801080311,0.701932741726854,0.769293443148469,6.74607707658968,0.253724954511426
"106","LTR1462_2017","LTR1462_2017_4.10.2017","LTR1462",4,10,2017,"4.10.2017",277,"Lithuania","autumn",55.5031,22.0195,"No",2,0.57,"Moderate","0.0161290322580645","0.0161290322580645","0",30,30,0.242604099326665,0.468883801080311,0.693311292668658,0.741891217103013,7.4037867811276,0.312877736313535
"107","LTR1462_2020","LTR1462_2020_14.9.2020","LTR1462",14,9,2020,"14.9.2020",258,"Lithuania","autumn",55.5031,22.0195,"No",2,0.62,"Good","0","0","0",36,33,0.275221503010603,0.468883801080311,0.507811670945737,0.888644687951515,7.80466710745245,0.340669453323116
"91","LTR1438_2010","LTR1438_2010_7.10.2010","LTR1438",7,10,2010,"7.10.2010",280,"Lithuania","autumn",55.0526,25.8742,"No",1,0.85,"Very Good","NA","NA","NA",28,24,0.123246935346291,0.464809373548561,0.665240048582151,0.803862894357996,6.62866547506861,0.272550456539998
"92","LTR1438_2012","LTR1438_2012_3.10.2012","LTR1438",3,10,2012,"3.10.2012",277,"Lithuania","autumn",55.0526,25.8742,"No",1,0.78,"Good","0.112903225806452","0.0806451612903226","0.032258064516129",32,27,0.139444538593906,0.464809373548561,0.667428382323418,0.824195215465732,7.05362688000797,0.310147045172839
"93","LTR1438_2013","LTR1438_2013_10.10.2013","LTR1438",10,10,2013,"10.10.2013",283,"Lithuania","autumn",55.0526,25.8742,"No",1,0.83,"Very Good","0","0","0",29,23,0.080242519699552,0.464809373548561,0.666086690552491,0.811804472233544,7.18701554658058,0.31510464083551
"94","LTR1438_2014","LTR1438_2014_9.10.2014","LTR1438",9,10,2014,"9.10.2014",282,"Lithuania","autumn",55.0526,25.8742,"No",1,0.95,"Very good","0.0655737704918033","0.0163934426229508","0.0491803278688525",35,31,0.206295174100624,0.464809373548561,0.5125189965565,0.633313061719016,5.93485765676834,0.216035275228619
"95","LTR1438_2015","LTR1438_2015_1.10.2015","LTR1438",1,10,2015,"1.10.2015",274,"Lithuania","autumn",55.0526,25.8742,"No",1,0.99,"Very good","0.0169491525423729","0.0169491525423729","0",40,38,0.256127689906321,0.464809373548561,0.473749989082102,0.653398853069101,6.16424980021715,0.231469367900711
"96","LTR1438_2016","LTR1438_2016_11.10.2016","LTR1438",11,10,2016,"11.10.2016",285,"Lithuania","autumn",55.0526,25.8742,"No",1,0.92,"Very good","0.0655737704918033","0.0327868852459016","0.0327868852459016",39,30,0.134215176420851,0.464809373548561,0.423717756622354,0.701091734852795,7.11059812036289,0.312021540274079
"97","LTR1438_2017","LTR1438_2017_3.10.2017","LTR1438",3,10,2017,"3.10.2017",276,"Lithuania","autumn",55.0526,25.8742,"No",1,0.78,"Good","0.0666666666666667","0.0166666666666667","0.05",17,16,0.0370180398685645,0.464809373548561,0.657573056157468,0.777948853033702,6.72713604816114,0.271264089224017
"98","LTR1438_2020","LTR1438_2020_7.10.2020","LTR1438",7,10,2020,"7.10.2020",281,"Lithuania","autumn",55.0526,25.8742,"No",1,0.91,"Very good","0.0655737704918033","0.0655737704918033","0",37,36,0.277201247569097,0.464809373548561,0.574789047964944,0.811158966924533,7.06003717405168,0.319189654701586
"83","LTR137_2010","LTR137_2010_27.9.2010","LTR137",27,9,2010,"27.9.2010",270,"Lithuania","autumn",54.962,22.7276,"No",4,0.63,"Good","NA","NA","NA",14,14,0.0335451528554282,0.494471650290653,0.80770650183882,0.844771585638803,8.66989019462928,0.472937859627134
"84","LTR137_2012","LTR137_2012_25.9.2012","LTR137",25,9,2012,"25.9.2012",269,"Lithuania","autumn",54.962,22.7276,"No",4,0.6,"Good","0.0163934426229508","0.0163934426229508","0",25,19,0.0829974028503166,0.494471650290653,0.57944781277227,0.826145033111294,7.26636554043528,0.348972660092284
"85","LTR137_2013","LTR137_2013_10.10.2013","LTR137",10,10,2013,"10.10.2013",283,"Lithuania","autumn",54.962,22.7276,"No",4,0.78,"Good","0.0161290322580645","0.0161290322580645","0",39,33,0.393029116128225,0.494471650290653,0.652319797887024,0.825701977264649,7.59986156925442,0.362278839335877
"86","LTR137_2014","LTR137_2014_30.9.2014","LTR137",30,9,2014,"30.9.2014",273,"Lithuania","autumn",54.962,22.7276,"No",4,0.59,"Moderate","0.0483870967741935","0","0.0483870967741935",25,22,0.0697423256661024,0.494471650290653,0.711237727297391,0.706328962357962,7.64331591857527,0.372512659359933
"87","LTR137_2015","LTR137_2015_5.10.2015","LTR137",5,10,2015,"5.10.2015",278,"Lithuania","autumn",54.962,22.7276,"No",4,0.63,"Good","0.112903225806452","0.0483870967741935","0.0645161290322581",34,31,0.190235041453685,0.494471650290653,0.472513452115715,0.828329893014545,6.61868307091564,0.266598828526673
"88","LTR137_2016","LTR137_2016_10.10.2016","LTR137",10,10,2016,"10.10.2016",284,"Lithuania","autumn",54.962,22.7276,"No",4,0.86,"Very good","0.0677966101694915","0.0169491525423729","0.0508474576271186",35,32,0.136689379078615,0.494471650290653,0.660784980540949,0.623471804495552,5.37711576319772,0.207669566505672
"89","LTR137_2017","LTR137_2017_2.10.2017","LTR137",2,10,2017,"2.10.2017",275,"Lithuania","autumn",54.962,22.7276,"No",4,0.71,"Good","0.0983606557377049","0.0819672131147541","0.0163934426229508",21,18,0.151814494497793,0.494471650290653,0.617754158128217,0.787715332754213,8.80190632486186,0.493740381033646
"90","LTR137_2020","LTR137_2020_8.10.2020","LTR137",8,10,2020,"8.10.2020",282,"Lithuania","autumn",54.962,22.7276,"No",4,0.59,"Moderate","0.0491803278688525","0.0163934426229508","0.0327868852459016",27,23,0.230955150971655,0.494471650290653,0.538517563879335,0.842154785218552,8.4249668807788,0.450692774303126
"75","LTR1348_2010","LTR1348_2010_7.10.2010","LTR1348",7,10,2010,"7.10.2010",280,"Lithuania","autumn",55.1295,25.8405,"No",2,0.91,"Very Good","NA","NA","NA",22,20,0.0731381091862452,0.529446604215565,0.466799993343015,0.651696613811152,6.07371333783336,0.257544417776208
"76","LTR1348_2012","LTR1348_2012_3.10.2012","LTR1348",3,10,2012,"3.10.2012",277,"Lithuania","autumn",55.1295,25.8405,"No",2,0.76,"Good","0.0333333333333333","0.0166666666666667","0.0166666666666667",31,27,0.231776859230124,0.529446604215565,0.603095034354771,0.775929392530953,7.14093656996515,0.349737549004628
"77","LTR1348_2013","LTR1348_2013_10.10.2013","LTR1348",10,10,2013,"10.10.2013",283,"Lithuania","autumn",55.1295,25.8405,"No",2,0.76,"Good","0.0327868852459016","0.0327868852459016","0",28,27,0.433981794581286,0.529446604215565,0.619956996433727,0.794429018742501,7.82717631238447,0.414291650925516
"78","LTR1348_2014","LTR1348_2014_9.10.2014","LTR1348",9,10,2014,"9.10.2014",282,"Lithuania","autumn",55.1295,25.8405,"No",2,0.79,"Good","0.0819672131147541","0","0.0819672131147541",27,26,0.0852878790576971,0.529446604215565,0.599335830814764,0.92263847980562,6.83216308872597,0.306854798504986
"79","LTR1348_2015","LTR1348_2015_1.10.2015","LTR1348",1,10,2015,"1.10.2015",274,"Lithuania","autumn",55.1295,25.8405,"No",2,0.92,"Very good","0.0517241379310345","0.0344827586206897","0.0172413793103448",34,31,0.145320713622823,0.529446604215565,0.574575897854422,0.914746377577038,8.08150198302314,0.424052950967145
"80","LTR1348_2016","LTR1348_2016_11.10.2016","LTR1348",11,10,2016,"11.10.2016",285,"Lithuania","autumn",55.1295,25.8405,"No",2,0.57,"Moderate","0.0983606557377049","0.0655737704918033","0.0327868852459016",22,20,0.260445437385304,0.529446604215565,0.587956955024228,0.825549122424181,7.6596868621566,0.389642067358039
"81","LTR1348_2017","LTR1348_2017_3.10.2017","LTR1348",3,10,2017,"3.10.2017",276,"Lithuania","autumn",55.1295,25.8405,"No",2,0.76,"Good","0.0491803278688525","0.0327868852459016","0.0163934426229508",22,20,0.266265062337896,0.529446604215565,0.504084499808174,0.863076566261531,7.83281674659304,0.422104554245181
"82","LTR1348_2020","LTR1348_2020_7.10.2020","LTR1348",7,10,2020,"7.10.2020",281,"Lithuania","autumn",55.1295,25.8405,"No",2,0.67,"Good","0.0166666666666667","0","0.0166666666666667",32,26,0.25268512312501,0.529446604215565,0.641512272027108,0.825414424142071,7.74863917654877,0.394879080787795
"67","LTR133_2010","LTR133_2010_5.10.2010","LTR133",5,10,2010,"5.10.2010",278,"Lithuania","autumn",55.0933,24.5299,"No",5,0.56,"Moderate","NA","NA","NA",12,12,0.0536514000657142,0.533530237169985,0.680180062213113,0.810487473104292,8.6245352157045,0.475248269295675
"68","LTR133_2012","LTR133_2012_2.10.2012","LTR133",2,10,2012,"2.10.2012",276,"Lithuania","autumn",55.0933,24.5299,"No",5,0.49,"Moderate","0.0666666666666667","0.0166666666666667","0.05",18,15,0.105927446608552,0.533530237169985,0.461001209307346,0.776464433440449,6.45110020286833,0.28455713372874
"69","LTR133_2013","LTR133_2013_8.10.2013","LTR133",8,10,2013,"8.10.2013",281,"Lithuania","autumn",55.0933,24.5299,"No",5,0.6,"Good","0.0666666666666667","0.05","0.0166666666666667",26,23,0.156802849491637,0.533530237169985,0.681867769967328,0.789647756828222,8.20941715238757,0.439411687541473
"70","LTR133_2014","LTR133_2014_7.10.2014","LTR133",7,10,2014,"7.10.2014",280,"Lithuania","autumn",55.0933,24.5299,"No",5,0.69,"Good","0.0327868852459016","0.0327868852459016","0",39,34,0.498596247836817,0.533530237169985,0.62387368295785,0.799196063662238,7.17830442447625,0.336277125257053
"71","LTR133_2015","LTR133_2015_6.10.2015","LTR133",6,10,2015,"6.10.2015",279,"Lithuania","autumn",55.0933,24.5299,"No",5,0.91,"Very good","0.0161290322580645","0.0161290322580645","0",51,45,0.429936495724724,0.533530237169985,0.58465772750623,0.735859809144795,7.04163442050249,0.323050338815467
"72","LTR133_2016","LTR133_2016_4.10.2016","LTR133",4,10,2016,"4.10.2016",278,"Lithuania","autumn",55.0933,24.5299,"No",5,0.52,"Moderate","0.17741935483871","0","0.17741935483871",10,9,0.0069363311074777,0.533530237169985,0.720102886862704,0.90670229726014,7.55706471628685,0.368422611739313
"73","LTR133_2017","LTR133_2017_3.10.2017","LTR133",3,10,2017,"3.10.2017",276,"Lithuania","autumn",55.0933,24.5299,"No",5,0.59,"Moderate","0.185185185185185","0.0555555555555556","0.12962962962963",13,11,0.00484717252855882,0.533530237169985,0.344975522157856,0.854916646993841,6.08729161091047,0.229829126742959
"74","LTR133_2020","LTR133_2020_6.10.2020","LTR133",6,10,2020,"6.10.2020",280,"Lithuania","autumn",55.0933,24.5299,"No",5,0.54,"Moderate","0.160714285714286","0.160714285714286","0",17,14,0.0103859649510847,0.533530237169985,0.679112027413424,0.894593979460613,7.33042708527383,0.324473783054117
"59","LTR1319_2010","LTR1319_2010_28.9.2010","LTR1319",28,9,2010,"28.9.2010",271,"Lithuania","autumn",55.6208,25.4354,"No",4,0.57,"Moderate","NA","NA","NA",13,12,0.013038274647657,0.492540918993442,0.612157718441667,0.822759983732661,6.32485132632311,0.23887479287847
"60","LTR1319_2012","LTR1319_2012_24.9.2012","LTR1319",24,9,2012,"24.9.2012",268,"Lithuania","autumn",55.6208,25.4354,"No",4,0.91,"Very Good","0.087719298245614","0.087719298245614","0",29,26,0.129258507888062,0.492540918993442,0.620937036663404,0.787025458106176,7.33963161076846,0.323046959007534
"61","LTR1319_2013","LTR1319_2013_18.9.2013","LTR1319",18,9,2013,"18.9.2013",261,"Lithuania","autumn",55.6208,25.4354,"No",4,0.9,"Very Good","0.0819672131147541","0.0655737704918033","0.0163934426229508",35,28,0.232800417258899,0.492540918993442,0.634421535041651,0.794077797718565,7.28077585506006,0.339136999524653
"62","LTR1319_2014","LTR1319_2014_15.9.2014","LTR1319",15,9,2014,"15.9.2014",258,"Lithuania","autumn",55.6208,25.4354,"No",4,0.7,"Good","0.0163934426229508","0.0163934426229508","0",36,27,0.257338876206822,0.492540918993442,0.650801856556787,0.814698329327897,8.19252847641729,0.43486907249303
"63","LTR1319_2015","LTR1319_2015_23.9.2015","LTR1319",23,9,2015,"23.9.2015",266,"Lithuania","autumn",55.6208,25.4354,"No",4,0.88,"Very good","0.0163934426229508","0","0.0163934426229508",44,32,0.179891488192687,0.492540918993442,0.521869565809797,0.788180981580139,6.89761468304432,0.310627361054145
"64","LTR1319_2016","LTR1319_2016_27.9.2016","LTR1319",27,9,2016,"27.9.2016",271,"Lithuania","autumn",55.6208,25.4354,"No",4,0.69,"Good","0.0983606557377049","0.0163934426229508","0.0819672131147541",36,33,0.155973925270338,0.492540918993442,0.741384572532154,0.777199549011341,6.59313868480945,0.26195912686289
"65","LTR1319_2017","LTR1319_2017_26.10.2017","LTR1319",26,10,2017,"26.10.2017",299,"Lithuania","autumn",55.6208,25.4354,"No",4,0.77,"Good","0.0175438596491228","0.0175438596491228","0",30,26,0.125966329004358,0.492540918993442,0.431152613474156,0.906163572368826,5.00391294191215,0.185855903218755
"66","LTR1319_2020","LTR1319_2020_21.9.2020","LTR1319",21,9,2020,"21.9.2020",265,"Lithuania","autumn",55.6208,25.4354,"No",4,0.74,"Good","0.0819672131147541","0.0655737704918033","0.0163934426229508",24,23,0.140140847098335,0.492540918993442,0.607226015681497,0.731315142232362,7.27973430229223,0.31933167199672
"51","LTR1301_2010","LTR1301_2010_4.10.2010","LTR1301",4,10,2010,"4.10.2010",277,"Lithuania","autumn",54.0906,24.2934,"No",1,0.87,"Very Good","NA","NA","NA",34,32,0.275439429500781,0.486007410364766,0.539560587509621,0.901314552865807,4.57637410099878,0.177260094627497
"52","LTR1301_2012","LTR1301_2012_10.10.2012","LTR1301",10,10,2012,"10.10.2012",284,"Lithuania","autumn",54.0906,24.2934,"No",1,0.72,"Good","0.032258064516129","0","0.032258064516129",34,28,0.131897268126328,0.486007410364766,0.655991778521188,0.766112551310545,6.62201437774358,0.292737371884802
"53","LTR1301_2013","LTR1301_2013_7.10.2013","LTR1301",7,10,2013,"7.10.2013",280,"Lithuania","autumn",54.0906,24.2934,"No",1,0.86,"Very Good","0.032258064516129","0.032258064516129","0",44,33,0.232426776736125,0.486007410364766,0.652474243334313,0.758416197115794,7.37578411371285,0.329707534261796
"54","LTR1301_2014","LTR1301_2014_6.10.2014","LTR1301",6,10,2014,"6.10.2014",279,"Lithuania","autumn",54.0906,24.2934,"No",1,0.76,"Good","0.032258064516129","0","0.032258064516129",27,23,0.109964065941965,0.486007410364766,0.717930532692401,0.759397561873746,7.52565983146768,0.332786469486409
"55","LTR1301_2015","LTR1301_2015_12.10.2015","LTR1301",12,10,2015,"12.10.2015",285,"Lithuania","autumn",54.0906,24.2934,"No",1,0.95,"Very good","0.032258064516129","0.032258064516129","0",41,36,0.289149207877182,0.486007410364766,0.65082884461848,0.72701728856695,7.62001010315806,0.337083260565332
"56","LTR1301_2016","LTR1301_2016_17.10.2016","LTR1301",17,10,2016,"17.10.2016",291,"Lithuania","autumn",54.0906,24.2934,"No",1,0.78,"Good","0.032258064516129","0","0.032258064516129",23,22,0.133491288212652,0.486007410364766,0.643205081327571,0.727965215062158,6.65010789919319,0.269184368868835
"57","LTR1301_2017","LTR1301_2017_16.10.2017","LTR1301",16,10,2017,"16.10.2017",289,"Lithuania","autumn",54.0906,24.2934,"No",1,0.94,"Very good","0.032258064516129","0.032258064516129","0",51,39,0.482909648043717,0.486007410364766,0.583182090325116,0.78296195931141,7.02301843177893,0.300354445476109
"58","LTR1301_2020","LTR1301_2020_13.10.2020","LTR1301",13,10,2020,"13.10.2020",287,"Lithuania","autumn",54.0906,24.2934,"No",1,0.59,"Moderate","0","0","0",20,18,0.125759607589621,0.486007410364766,0.747980674691921,0.870724357745979,9.10841026245357,0.473792933154871
"42","LTR13_2010","LTR13_2010_11.10.2010","LTR13",11,10,2010,"11.10.2010",284,"Lithuania","autumn",55.2726,21.4106,"Yes",4,0.46,"Moderate","NA","NA","NA",11,11,0.162868952774504,0.463416990892346,0.444254490714906,0.818818598766555,7.12577965673349,0.431727164938948
"43","LTR13_2011","LTR13_2011_12.9.2011","LTR13",12,9,2011,"12.9.2011",255,"Lithuania","autumn",55.2726,21.4106,"Yes",4,0.46,"Moderate","0.0677966101694915","0.0508474576271186","0.0169491525423729",19,18,0.256102706172295,0.463416990892346,0.497009681166044,0.78783474883036,7.3583433782632,0.446848070106828
"44","LTR13_2012","LTR13_2012_8.10.2012","LTR13",8,10,2012,"8.10.2012",282,"Lithuania","autumn",55.2726,21.4106,"Yes",4,0.42,"Moderate","0.327586206896552","0","0.327586206896552",6,6,4.54698060608226e-05,0.463416990892346,0.732463289274696,0.901379802753219,3.76053470280072,0.154934913696968
"45","LTR13_2013","LTR13_2013_30.9.2013","LTR13",30,9,2013,"30.9.2013",273,"Lithuania","autumn",55.2726,21.4106,"Yes",4,0.34,"Moderate","0.360655737704918","0.360655737704918","0",15,14,0.141653735026835,0.463416990892346,0.319284428651874,0.706191971547993,6.73483473543163,0.384082810668103
"46","LTR13_2014","LTR13_2014_13.10.2014","LTR13",13,10,2014,"13.10.2014",286,"Lithuania","autumn",55.2726,21.4106,"Yes",4,0.29,"Poor","0.0819672131147541","0","0.0819672131147541",17,14,0.142559102104476,0.463416990892346,0.553080298048597,0.833352567214312,8.47645769154608,0.572453567379107
"47","LTR13_2015","LTR13_2015_12.10.2015","LTR13",12,10,2015,"12.10.2015",285,"Lithuania","autumn",55.2726,21.4106,"Yes",4,0.399,"Moderate","0.15","0.0666666666666667","0.0833333333333333",15,12,0.0293938716490932,0.463416990892346,0.293929347741023,0.536928829135349,4.73500990200156,0.187748975832342
"48","LTR13_2016","LTR13_2016_12.9.2016","LTR13",12,9,2016,"12.9.2016",256,"Lithuania","autumn",55.2726,21.4106,"Yes",4,0.48,"Moderate","0.129032258064516","0.112903225806452","0.0161290322580645",26,21,0.466896151004009,0.463416990892346,0.50697140280222,0.831226779566542,5.60089140342507,0.291539775505369
"49","LTR13_2017","LTR13_2017_4.10.2017","LTR13",4,10,2017,"4.10.2017",277,"Lithuania","autumn",55.2726,21.4106,"Yes",4,0.4,"Moderate","0.032258064516129","0.0161290322580645","0.0161290322580645",20,20,0.356962946398739,0.463416990892346,0.590788835123451,0.649324542626689,5.10370648904092,0.234830279580234
"50","LTR13_2020","LTR13_2020_14.9.2020","LTR13",14,9,2020,"14.9.2020",258,"Lithuania","autumn",55.2726,21.4106,"Yes",4,0.5,"Good","0.0161290322580645","0.0161290322580645","0",42,35,0.551074384846957,0.463416990892346,0.384186193448773,0.801501980700384,6.33955071314977,0.34367723778691
"34","LTR1282_2010","LTR1282_2010_6.10.2010","LTR1282",6,10,2010,"6.10.2010",279,"Lithuania","autumn",55.6678,23.0358,"No",3,0.76,"Good","NA","NA","NA",24,23,0.173390146853444,0.467155967463033,0.780923214393861,0.863443340339469,9.92635808011699,0.614070573522629
"35","LTR1282_2012","LTR1282_2012_17.10.2012","LTR1282",17,10,2012,"17.10.2012",291,"Lithuania","autumn",55.6678,23.0358,"No",3,0.94,"Very Good","0.0327868852459016","0.0327868852459016","0",32,28,0.287991087013884,0.467155967463033,0.478597992219004,0.783582071209339,8.58053604659005,0.489600678206809
"36","LTR1282_2013","LTR1282_2013_26.9.2013","LTR1282",26,9,2013,"26.9.2013",269,"Lithuania","autumn",55.6678,23.0358,"No",3,0.95,"Very Good","0.032258064516129","0.0161290322580645","0.0161290322580645",39,35,0.395320927969561,0.467155967463033,0.537445794686366,0.880277557143792,8.08956995332682,0.415329873008571
"37","LTR1282_2014","LTR1282_2014_22.9.2014","LTR1282",22,9,2014,"22.9.2014",265,"Lithuania","autumn",55.6678,23.0358,"No",3,0.83,"Very good","0","0","0",32,26,0.328091130842796,0.467155967463033,0.679885240245074,0.82169906183113,7.95858867515879,0.413036337633691
"38","LTR1282_2015","LTR1282_2015_19.10.2015","LTR1282",19,10,2015,"19.10.2015",292,"Lithuania","autumn",55.6678,23.0358,"No",3,0.98,"Very good","0","0","0",42,35,0.560499665997564,0.467155967463033,0.470998025358162,0.720982429422512,7.57454740150792,0.366577495925953
"39","LTR1282_2016","LTR1282_2016_28.11.2016","LTR1282",28,11,2016,"28.11.2016",333,"Lithuania","autumn",55.6678,23.0358,"No",3,0.95,"Very good","0","0","0",43,38,0.509267474847918,0.467155967463033,0.682689541978325,0.780146807360906,7.71524887965644,0.399417154302795
"40","LTR1282_2017","LTR1282_2017_2.10.2017","LTR1282",2,10,2017,"2.10.2017",275,"Lithuania","autumn",55.6678,23.0358,"No",3,0.8,"Very good","0.0161290322580645","0.0161290322580645","0",33,33,0.48577000636565,0.467155967463033,0.394592760929588,0.9408022619247,10.9025511881905,0.692007148956276
"41","LTR1282_2020","LTR1282_2020_20.10.2020","LTR1282",20,10,2020,"20.10.2020",294,"Lithuania","autumn",55.6678,23.0358,"No",3,0.44,"Moderate","0.032258064516129","0","0.032258064516129",14,13,0.022978365415369,0.467155967463033,0.542193545790114,0.873478460015869,10.2264812275356,0.628858976715619
"25","LTR127_2010","LTR127_2010_13.10.2010","LTR127",13,10,2010,"13.10.2010",286,"Lithuania","autumn",55.2913,21.3772,"No",4,0.38,"Poor","NA","NA","NA",5,5,0.00927374304231303,0.416930266615713,0.607575048853796,0.874444547934564,6.447833240471,0.415363652155154
"26","LTR127_2011","LTR127_2011_14.9.2011","LTR127",14,9,2011,"14.9.2011",257,"Lithuania","autumn",55.2913,21.3772,"No",4,0.32,"Poor","0.101694915254237","0.101694915254237","0",11,11,0.336792523289611,0.416930266615713,0.544958532610637,0.932678730324244,7.14646416318752,0.541552874591027
"27","LTR127_2012","LTR127_2012_12.9.2012","LTR127",12,9,2012,"12.9.2012",256,"Lithuania","autumn",55.2913,21.3772,"No",4,0.33,"Poor","0.169491525423729","0","0.169491525423729",7,7,0.00457270421902877,0.416930266615713,0.580917545155326,0.803774590719239,6.20503128370468,0.328513838187472
"28","LTR127_2013","LTR127_2013_30.9.2013","LTR127",30,9,2013,"30.9.2013",273,"Lithuania","autumn",55.2913,21.3772,"No",4,0.43,"Moderate","0.206896551724138","0.155172413793103","0.0517241379310345",12,12,0.0826519143414866,0.416930266615713,0.332631309260637,0.542865938811664,6.52315141888756,0.364300059680598
"29","LTR127_2014","LTR127_2014_15.10.2014","LTR127",15,10,2014,"15.10.2014",288,"Lithuania","autumn",55.2913,21.3772,"No",4,0.33,"Poor","0.147540983606557","0.0983606557377049","0.0491803278688525",17,14,0.235786518900686,0.416930266615713,0.568990480584786,0.914595558688539,8.86709185920539,0.674700907800324
"30","LTR127_2015","LTR127_2015_12.10.2015","LTR127",12,10,2015,"12.10.2015",285,"Lithuania","autumn",55.2913,21.3772,"No",4,0.31,"Poor","0.112903225806452","0.0645161290322581","0.0483870967741935",10,9,0.11987705115743,0.416930266615713,0.336608083482157,0.883419277108608,7.88464927473019,0.528893448358664
"31","LTR127_2016","LTR127_2016_12.9.2016","LTR127",12,9,2016,"12.9.2016",256,"Lithuania","autumn",55.2913,21.3772,"No",4,0.41,"Moderate","0.05","0.0166666666666667","0.0333333333333333",17,14,0.287188209635031,0.416930266615713,0.521114356981104,0.801692874244689,7.08350215641602,0.46280080180347
"32","LTR127_2017","LTR127_2017_4.10.2017","LTR127",4,10,2017,"4.10.2017",277,"Lithuania","autumn",55.2913,21.3772,"No",4,0.36,"Poor","0.0172413793103448","0","0.0172413793103448",13,13,0.187706515885383,0.416930266615713,0.766749382450045,0.834818936300714,6.27060048139588,0.36190073948053
"33","LTR127_2020","LTR127_2020_14.9.2020","LTR127",14,9,2020,"14.9.2020",258,"Lithuania","autumn",55.2913,21.3772,"No",4,0.48,"Moderate","0.0967741935483871","0.0806451612903226","0.0161290322580645",27,23,0.714203123211585,0.416930266615713,0.366441036424503,0.865869468090118,5.87144667901429,0.323400356863538
"17","LTR11_2010","LTR11_2010_6.10.2010","LTR11",6,10,2010,"6.10.2010",279,"Lithuania","autumn",55.0701,22.578,"Yes",4,0.42,"Moderate","NA","NA","NA",7,6,0.00038304634084848,0.481987861162678,0.719650553908982,0.65767582470862,6.18820209648154,0.287758535133973
"18","LTR11_2012","LTR11_2012_3.10.2012","LTR11",3,10,2012,"3.10.2012",277,"Lithuania","autumn",55.0701,22.578,"Yes",4,0.42,"Moderate","0.228070175438596","0.228070175438596","0",13,12,0.0690689323219262,0.481987861162678,0.602823957362474,0.803930853315977,7.76234731824549,0.443850287063133
"19","LTR11_2013","LTR11_2013_9.10.2013","LTR11",9,10,2013,"9.10.2013",282,"Lithuania","autumn",55.0701,22.578,"Yes",4,0.41,"Moderate","0.0833333333333333","0.05","0.0333333333333333",21,18,0.140988766424732,0.481987861162678,0.538753221203233,0.789552355248179,8.41852504339796,0.518135066776755
"20","LTR11_2014","LTR11_2014_8.10.2014","LTR11",8,10,2014,"8.10.2014",281,"Lithuania","autumn",55.0701,22.578,"Yes",4,0.44,"Moderate","0.0645161290322581","0.0645161290322581","0",28,27,0.45306134663337,0.481987861162678,0.618827221394356,0.839888472360022,6.7467935915538,0.343606212653734
"21","LTR11_2015","LTR11_2015_7.10.2015","LTR11",7,10,2015,"7.10.2015",280,"Lithuania","autumn",55.0701,22.578,"Yes",4,0.398,"Moderate","0.0161290322580645","0","0.0161290322580645",28,24,0.31939548701512,0.481987861162678,0.517569933357937,0.712546889030494,7.45878738910654,0.429261839348013
"22","LTR11_2016","LTR11_2016_5.10.2016","LTR11",5,10,2016,"5.10.2016",279,"Lithuania","autumn",55.0701,22.578,"Yes",4,0.39,"Moderate","0.0161290322580645","0.0161290322580645","0",25,19,0.274956232685993,0.481987861162678,0.636918665409846,0.759232008716313,7.65696135628052,0.448134340631604
"23","LTR11_2017","LTR11_2017_4.10.2017","LTR11",4,10,2017,"4.10.2017",277,"Lithuania","autumn",55.0701,22.578,"Yes",4,0.51,"Good","0.0161290322580645","0","0.0161290322580645",22,20,0.233363813548103,0.481987861162678,0.698915687629854,0.789561210163271,8.28370396729713,0.510011605895487
"24","LTR11_2020","LTR11_2020_7.10.2020","LTR11",7,10,2020,"7.10.2020",281,"Lithuania","autumn",55.0701,22.578,"Yes",4,0.45,"Moderate","0.0491803278688525","0","0.0491803278688525",20,18,0.106562988861338,0.481987861162678,0.554015118168083,0.703584439499439,7.72127189908664,0.44304474568647
"9","LTR105_2010","LTR105_2010_27.9.2010","LTR105",27,9,2010,"27.9.2010",270,"Lithuania","autumn",55.2845,26.7849,"No",2,0.44,"Moderate","NA","NA","NA",13,12,0.0469220149250407,0.474939676728581,0.335034148774933,0.848550974609916,7.53683435183092,0.370492956600019
"10","LTR105_2012","LTR105_2012_26.9.2012","LTR105",26,9,2012,"26.9.2012",270,"Lithuania","autumn",55.2845,26.7849,"No",2,0.72,"Good","0.0161290322580645","0.0161290322580645","0",34,32,0.351185239374753,0.474939676728581,0.64377855945236,0.773318893435097,5.86022078726388,0.228976660284303
"11","LTR105_2013","LTR105_2013_16.9.2013","LTR105",16,9,2013,"16.9.2013",259,"Lithuania","autumn",55.2845,26.7849,"No",2,0.62,"Good","0.0161290322580645","0","0.0161290322580645",38,26,0.238865687184846,0.474939676728581,0.598207615184016,0.84362596639276,7.29388311322231,0.351000957196525
"12","LTR105_2014","LTR105_2014_23.9.2014","LTR105",23,9,2014,"23.9.2014",266,"Lithuania","autumn",55.2845,26.7849,"No",2,0.68,"Good","0.032258064516129","0.0161290322580645","0.0161290322580645",29,29,0.217442229540703,0.474939676728581,0.605599425810824,0.907230002617141,7.28624307202351,0.346894511001863
"13","LTR105_2015","LTR105_2015_21.9.2015","LTR105",21,9,2015,"21.9.2015",264,"Lithuania","autumn",55.2845,26.7849,"No",2,0.7,"Good","0.0161290322580645","0.0161290322580645","0",42,35,0.323205314663035,0.474939676728581,0.686735442123932,0.778751230137724,7.0083497462947,0.321734965893061
"14","LTR105_2016","LTR105_2016_26.9.2016","LTR105",26,9,2016,"26.9.2016",270,"Lithuania","autumn",55.2845,26.7849,"No",2,0.67,"Good","0.0161290322580645","0","0.0161290322580645",44,36,0.313791756933607,0.474939676728581,0.662012338601169,0.81212536912447,7.32770733027438,0.351053778238466
"15","LTR105_2017","LTR105_2017_25.10.2017","LTR105",25,10,2017,"25.10.2017",298,"Lithuania","autumn",55.2845,26.7849,"No",2,0.59,"Moderate","0","0","0",30,26,0.210735964729144,0.474939676728581,0.497369690791234,0.846414118406084,7.17650418379719,0.330727541463329
"16","LTR105_2020","LTR105_2020_22.9.2020","LTR105",22,9,2020,"22.9.2020",266,"Lithuania","autumn",55.2845,26.7849,"No",2,0.58,"Moderate","0.0161290322580645","0.0161290322580645","0",22,21,0.16048163398894,0.474939676728581,0.627212209518482,0.912960027629568,5.22121142589651,0.223888905579798
"1","LTR1_2010","LTR1_2010_4.10.2010","LTR1",4,10,2010,"4.10.2010",277,"Lithuania","autumn",54.0306,23.9684,"No",4,0.7,"Good","NA","NA","NA",33,29,0.234144298875427,0.494629800367286,0.555264820670097,0.823429784987211,7.04288804653325,0.312220584875158
"2","LTR1_2012","LTR1_2012_1.10.2012","LTR1",1,10,2012,"1.10.2012",275,"Lithuania","autumn",54.0306,23.9684,"No",4,0.6,"Good","0.0163934426229508","0","0.0163934426229508",27,26,0.311266319642762,0.494629800367286,0.658647657538816,0.898512210439585,9.01734783935992,0.500457312653508
"3","LTR1_2013","LTR1_2013_7.10.2013","LTR1",7,10,2013,"7.10.2013",280,"Lithuania","autumn",54.0306,23.9684,"No",4,0.72,"Good","0.0163934426229508","0.0163934426229508","0",37,28,0.381746205303193,0.494629800367286,0.597834957891918,0.846495714113926,8.2461627508032,0.434986511936867
"4","LTR1_2014","LTR1_2014_6.10.2014","LTR1",6,10,2014,"6.10.2014",279,"Lithuania","autumn",54.0306,23.9684,"No",4,0.54,"Moderate","0.032258064516129","0.0161290322580645","0.0161290322580645",34,25,0.266998839697162,0.494629800367286,0.610344040279862,0.812053958523881,8.94124396960165,0.499764506029854
"5","LTR1_2015","LTR1_2015_5.10.2015","LTR1",5,10,2015,"5.10.2015",278,"Lithuania","autumn",54.0306,23.9684,"No",4,0.81,"Very good","0.032258064516129","0.0161290322580645","0.0161290322580645",43,35,0.349868999992647,0.494629800367286,0.607875350086348,0.906075633435402,9.0571212637665,0.51040030976048
"6","LTR1_2016","LTR1_2016_3.10.2016","LTR1",3,10,2016,"3.10.2016",277,"Lithuania","autumn",54.0306,23.9684,"No",4,0.51,"Moderate","0.032258064516129","0.0161290322580645","0.0161290322580645",30,25,0.274598021392711,0.494629800367286,0.39356713893295,0.970501070772137,10.2752902044001,0.596625786438877
"7","LTR1_2017","LTR1_2017_2.10.2017","LTR1",2,10,2017,"2.10.2017",275,"Lithuania","autumn",54.0306,23.9684,"No",4,0.63,"Good","0","0","0",41,31,0.318994529171227,0.494629800367286,0.366057403847736,0.839938663530608,8.2621057929989,0.436240248347803
"8","LTR1_2020","LTR1_2020_5.10.2020","LTR1",5,10,2020,"5.10.2020",279,"Lithuania","autumn",54.0306,23.9684,"No",4,0.54,"Moderate","0","0","0",41,34,0.439525323274652,0.494629800367286,0.635241899365388,0.792510624215675,8.50066864909027,0.455413620569231
