site_code,SppRich,Simp,Shan,EvenJ,E10,Abund,S_PIE,Turnover,Turnover_app,Turnover_disapp,rare.sppRich,ept_spp_richness,ept_abundance,crustacea_spp_richness,crustacea_abundance,diptera_spp_richness,diptera_abundance,mollusc_spp_richness,mollusc_abundance,insect_spp_richness,insect_abundance,annelid_spp_richness,annelid_abundance
LTR1_2010,34,0.918574246,2.813309094,0.797793951,0.082744385,432,12.61121647,NA,NA,NA,34,13,160,4,119,3,74,2,7,12,103,3,43
LTR1_2012,27,0.90938897,2.758060227,0.836831536,0.102150379,1217,11.12802851,0.803921569,0.333333333,0.470588235,25.48517305,3,47,2,93,6,331,7,422,12,412,3,243
LTR1_2013,37,0.946131431,3.203746079,0.88723869,0.086587732,2311,18.70592811,0.666666667,0.4375,0.229166667,35.0737083,13,884,2,72,6,573,5,205,15,876,2,274
LTR1_2014,34,0.940787632,3.165061757,0.89754344,0.093090052,756,17.25140543,0.489361702,0.212765957,0.276595745,33.8668477,11,162,3,80,4,183,8,113,9,276,3,125
LTR1_2015,43,0.935441535,3.213224573,0.854308326,0.074726153,1361,15.65664597,0.625,0.392857143,0.232142857,41.33856135,14,269,4,37,5,199,14,571,9,230,2,254
LTR1_2016,30,0.759448152,1.788657633,0.525890571,0.059621921,3107,4.161337756,0.648148148,0.203703704,0.444444444,20.81926922,6,81,3,97,4,1100,5,563,11,1156,5,1210
LTR1_2017,41,0.944891159,3.214702612,0.865663182,0.078407381,1023,18.45553398,0.634615385,0.423076923,0.211538462,37.43169232,11,182,4,210,4,123,11,291,12,207,3,133
LTR1_2020,41,0.951615366,3.332804879,0.897466057,0.081287924,611,21.35629154,0.71875,0.359375,0.359375,40.26024793,6,81,2,46,4,101,14,200,16,193,3,91
LTR105_2010,13,0.84499783,1.992558663,0.776841327,0.153273743,192,6.641072075,NA,NA,NA,13,1,42,2,4,2,57,2,51,5,60,3,35
LTR105_2012,34,0.78970602,2.148391629,0.609237658,0.063187989,819,4.777178796,0.880952381,0.69047619,0.19047619,22.19964446,9,399,2,84,3,19,5,45,15,275,3,16
LTR105_2013,38,0.950869262,3.27129746,0.899304461,0.086086775,1455,20.62843715,0.8,0.433333333,0.366666667,33.01638167,11,679,1,27,4,178,10,294,13,315,3,140
LTR105_2014,29,0.916817631,2.846041873,0.845201021,0.098139375,554,12.26625561,0.759259259,0.296296296,0.462962963,25.50768585,7,184,1,10,1,18,7,107,12,219,2,34
LTR105_2015,42,0.944203686,3.293180958,0.881078665,0.07840907,463,18.60375718,0.836065574,0.524590164,0.31147541,37.47841787,13,188,0,0,2,26,12,115,15,122,2,38
LTR105_2016,44,0.964524764,3.516142145,0.929166476,0.079912321,575,29.59028151,0.65625,0.34375,0.3125,39.29676855,16,264,1,13,0,0,8,125,14,115,5,58
LTR105_2017,30,0.92001929,2.825895242,0.830853057,0.094196508,720,12.70629817,0.878787879,0.333333333,0.545454545,24.44362779,10,298,1,56,4,140,3,74,12,252,3,38
LTR105_2020,22,0.641107266,1.75137869,0.566598071,0.079608122,255,2.806082662,0.844444444,0.333333333,0.511111111,19.74250281,4,169,1,1,2,37,3,12,11,59,3,14
LTR11_2010,7,0.77,1.637223534,0.84136646,0.233889076,40,4.756097561,NA,NA,NA,7,1,1,2,11,0,0,4,28,0,0,0,0
LTR11_2012,13,0.866303024,2.208113998,0.860880154,0.169854923,359,7.617472736,0.75,0.5625,0.1875,10.25411158,1,8,2,64,1,79,5,171,2,80,3,36
LTR11_2013,21,0.819622843,2.179243397,0.715791537,0.103773495,568,5.588727311,0.785714286,0.535714286,0.25,11.44592012,5,57,2,31,3,108,6,228,4,110,4,142
LTR11_2014,28,0.833906913,2.410185536,0.723300604,0.086078055,173,6.201750729,0.775,0.475,0.3,14.15041156,4,6,4,69,1,4,8,67,7,14,5,17
LTR11_2015,28,0.857083574,2.574313013,0.772555527,0.09193975,1071,7.036534447,0.808510638,0.404255319,0.404255319,14.87650023,1,1,1,25,2,36,14,827,7,76,5,142
LTR11_2016,25,0.933790257,2.90269211,0.901772006,0.116107684,1201,15.28313892,0.641025641,0.282051282,0.358974359,16.48728006,6,232,2,85,2,84,9,596,3,85,5,203
LTR11_2017,22,0.921866667,2.789792008,0.902540826,0.126808728,300,13.32442068,0.657142857,0.285714286,0.371428571,15.90040589,6,48,2,15,3,42,7,135,5,51,2,51
LTR11_2020,20,0.867244758,2.385027363,0.796141693,0.119251368,193,7.797979798,0.833333333,0.388888889,0.444444444,12.5621465,3,6,3,23,1,27,5,88,5,39,4,37
LTR127_2010,5,0.693194444,1.384544462,0.860265843,0.276908892,120,3.32247557,NA,NA,NA,4.924449429,0,0,1,16,1,13,2,68,1,13,1,23
LTR127_2011,11,0.499555983,1.10429587,0.460527147,0.100390534,387,2.00340647,0.857142857,0.642857143,0.214285714,5.036391535,0,0,0,0,2,33,3,67,4,35,4,285
LTR127_2012,7,0.751111111,1.569939938,0.806789532,0.224277134,30,4.484536082,0.941176471,0.352941176,0.588235294,7,0,0,1,6,1,10,5,14,1,10,0,0
LTR127_2013,12,0.616981824,1.243863225,0.500567385,0.103655269,1120,2.614605977,0.882352941,0.588235294,0.294117647,4.963905981,0,0,5,462,2,51,2,591,4,54,1,13
LTR127_2014,17,0.715638357,1.753751406,0.618997299,0.103161847,623,3.530935068,0.884615385,0.538461538,0.346153846,7.884135901,0,0,3,14,3,47,7,229,4,65,3,315
LTR127_2015,10,0.740603281,1.630238704,0.708003673,0.16302387,239,3.901906983,0.826086957,0.260869565,0.565217391,6.346673705,0,0,3,58,2,72,2,2,3,74,2,105
LTR127_2016,17,0.87390385,2.410928863,0.850952106,0.141819345,247,8.160354553,0.714285714,0.523809524,0.19047619,11.50429943,1,7,6,79,3,80,4,41,4,81,2,39
LTR127_2017,13,0.79836964,1.954134116,0.761860701,0.150318009,653,4.989873892,0.636363636,0.227272727,0.409090909,8.429674728,1,22,2,182,2,263,6,165,2,263,2,21
LTR127_2020,27,0.734050661,1.605673934,0.487182467,0.059469405,6159,3.761800731,0.823529412,0.617647059,0.205882353,6.039194916,4,1113,7,2372,4,2533,4,33,9,2577,2,63
LTR1282_2010,24,0.908687159,2.750583589,0.865493077,0.11460765,590,11.13956918,NA,NA,NA,22.76192058,16,233,1,19,2,52,3,92,3,120,1,126
LTR1282_2012,32,0.914495247,2.787925815,0.804425349,0.087122682,651,11.89091216,0.782608696,0.47826087,0.304347826,26.1240091,18,328,1,1,5,114,2,11,10,234,1,77
LTR1282_2013,39,0.924426292,2.895795399,0.790431738,0.074251164,461,13.59358974,0.456521739,0.304347826,0.152173913,32.0787742,17,215,1,1,8,113,2,7,18,214,1,24
LTR1282_2014,32,0.95132136,3.20965286,0.926110053,0.100301652,695,21.13813656,0.754385965,0.315789474,0.438596491,30.95403542,16,294,0,0,3,124,5,116,9,235,2,50
LTR1282_2015,42,0.885831638,2.654957478,0.710324279,0.063213273,1628,8.800964906,0.701754386,0.438596491,0.263157895,27.5209737,22,825,0,0,7,205,3,34,16,715,1,54
LTR1282_2016,43,0.964228928,3.478524195,0.924844222,0.080895912,775,28.96426847,0.731343284,0.373134328,0.358208955,38.56321116,25,433,0,0,6,136,3,62,13,220,2,60
LTR1282_2017,33,0.729302453,2.038266797,0.582943626,0.061765661,3333,3.697149226,0.848484848,0.348484848,0.5,22.96040497,12,873,0,0,7,116,4,50,14,721,3,1689
LTR1282_2020,14,0.828828533,2.06166814,0.781213851,0.14726201,247,5.959395842,0.931818182,0.25,0.681818182,14,1,8,2,41,3,72,1,5,8,110,2,83
LTR13_2010,11,0.772816635,1.737562215,0.724619726,0.157960201,230,4.468103156,NA,NA,NA,6.899503605,1,14,1,1,1,87,6,84,2,88,1,43
LTR13_2011,19,0.888451249,2.477151705,0.841298367,0.130376406,232,9.284823285,0.695652174,0.52173913,0.173913043,11.98141769,1,2,3,38,2,57,9,97,4,59,2,36
LTR13_2012,6,0.46484375,1.022461135,0.570646425,0.170410189,32,1.92248062,0.80952381,0.095238095,0.714285714,6,0,0,1,23,0,0,4,8,0,0,0,0
LTR13_2013,15,0.8577186,2.145592789,0.792301704,0.143039519,198,7.250185874,0.833333333,0.666666667,0.166666667,9.045032424,0,0,3,79,3,59,6,40,5,61,1,18
LTR13_2014,17,0.876352156,2.331207117,0.822813828,0.13712983,278,8.299849105,0.814814815,0.444444444,0.37037037,10.60865808,0,0,3,41,4,67,6,98,5,68,2,70
LTR13_2015,15,0.798930135,1.857734975,0.68600463,0.123848998,1306,4.988584675,0.857142857,0.392857143,0.464285714,7.277535066,1,14,6,1196,3,45,2,13,4,53,2,30
LTR13_2016,26,0.781900702,2.114204332,0.648907823,0.081315551,1054,4.600731234,0.757575758,0.545454545,0.212121212,10.05439594,2,3,4,295,3,553,9,126,7,566,4,64
LTR13_2017,20,0.665091378,1.561357199,0.521193837,0.07806786,896,2.992529126,0.647058824,0.235294118,0.411764706,6.982859341,2,6,3,713,1,12,9,121,3,24,3,32
LTR13_2020,42,0.828852377,2.186657835,0.585032402,0.052063282,7593,5.846638617,0.708333333,0.583333333,0.125,9.610518024,5,23,5,3460,2,2210,16,1174,10,2265,6,671
LTR1301_2010,34,0.561365255,1.608086167,0.45601865,0.047296652,848,2.283251106,NA,NA,NA,19.66057426,14,710,1,4,8,70,0,0,15,111,4,23
LTR1301_2012,34,0.958439344,3.333396872,0.945279658,0.098041084,1945,24.35007728,0.866666667,0.433333333,0.433333333,32.29583532,22,1321,0,0,4,281,2,72,7,406,3,146
LTR1301_2013,44,0.965689249,3.562904653,0.941523813,0.080975106,1689,29.63958831,0.741935484,0.451612903,0.290322581,40.18605993,24,937,0,0,6,287,3,105,15,546,2,101
LTR1301_2014,27,0.948088565,3.079620284,0.934397062,0.114060011,531,19.95108464,0.732142857,0.214285714,0.517857143,25.52675093,14,255,0,0,5,162,3,27,7,202,3,47
LTR1301_2015,41,0.95977849,3.4191815,0.92072577,0.083394671,795,25.63266466,0.740740741,0.5,0.240740741,36.96554118,21,412,0,0,7,142,6,148,10,200,4,35
LTR1301_2016,23,0.898885107,2.638861599,0.841609462,0.114733113,1252,9.960520458,0.814814815,0.240740741,0.574074074,21.14197104,10,872,0,0,5,189,2,26,9,262,2,92
LTR1301_2017,51,0.965716634,3.618866979,0.92040373,0.070958176,780,30.2629744,0.745762712,0.610169492,0.13559322,43.86672182,28,492,0,0,8,123,3,53,16,191,4,44
LTR1301_2020,20,0.91382716,2.682685011,0.895502257,0.134134251,180,12.33537519,0.775862069,0.120689655,0.655172414,20,7,48,0,0,3,32,2,27,10,70,1,35
LTR1319_2010,13,0.883784722,2.25385206,0.878712109,0.173373235,240,8.887511621,NA,NA,NA,11.92434693,4,93,0,0,1,1,4,115,5,32,0,0
LTR1319_2012,29,0.912068352,2.850304826,0.846467008,0.098286373,159,12.17151163,0.894736842,0.657894737,0.236842105,28.74516695,12,67,0,0,4,14,2,3,11,83,4,6
LTR1319_2013,35,0.957016196,3.298913353,0.927873529,0.094254667,1481,23.6199056,0.814814815,0.462962963,0.351851852,30.75069314,15,604,0,0,5,303,8,335,11,506,1,36
LTR1319_2014,36,0.952301652,3.243611137,0.905146922,0.090100309,966,21.4080011,0.634615385,0.326923077,0.307692308,30.79338072,13,270,0,0,4,138,11,357,11,265,1,74
LTR1319_2015,44,0.960767392,3.466827538,0.916134727,0.078791535,887,26.21354236,0.596491228,0.368421053,0.228070175,37.06500622,20,454,0,0,4,46,9,261,13,138,2,34
LTR1319_2016,36,0.957388151,3.338889261,0.931734789,0.092746924,551,24.46714032,0.68852459,0.278688525,0.409836066,32.87999617,14,234,0,0,4,47,8,184,13,132,1,1
LTR1319_2017,30,0.623636749,1.728790642,0.508288831,0.057626355,1190,2.660715562,0.8,0.345454545,0.454545455,17.84352509,13,1044,0,0,4,34,4,18,12,127,1,1
LTR1319_2020,24,0.896609884,2.657544907,0.836217713,0.110731038,154,10.25326371,0.875,0.375,0.5,24,5,42,0,0,5,16,5,21,13,89,1,2
LTR133_2010,12,0.865681268,2.192110802,0.882170283,0.1826759,305,7.606234619,NA,NA,NA,10.96341862,5,125,0,0,1,1,2,75,4,30,1,75
LTR133_2012,18,0.895705289,2.497737554,0.864157888,0.138763197,1216,9.656470588,0.8,0.52,0.28,14.71052335,9,407,0,0,0,0,4,656,2,65,3,88
LTR133_2013,26,0.930898275,2.870274384,0.880966647,0.110395169,410,14.96430484,0.871794872,0.538461538,0.333333333,19.61569183,6,133,0,0,4,92,5,81,9,121,6,75
LTR133_2014,39,0.95838804,3.36816055,0.919367783,0.086363091,1066,24.5627434,0.75,0.5,0.25,27.50648174,14,299,0,0,2,40,12,527,10,157,3,83
LTR133_2015,51,0.942939171,3.316033386,0.843382616,0.065020262,1546,17.71463111,0.732394366,0.450704225,0.281690141,27.7343994,30,1076,0,0,4,110,4,94,12,341,5,35
LTR133_2016,10,0.822145062,1.975360469,0.857888152,0.197536047,72,6.014117647,0.890909091,0.072727273,0.818181818,10,1,5,0,0,0,0,3,29,4,29,2,9
LTR133_2017,13,0.889841836,2.309565771,0.900433283,0.177658905,134,9.664859002,0.85,0.5,0.35,11.60045757,5,46,0,0,0,0,4,66,3,16,1,6
LTR133_2020,17,0.915204392,2.631117663,0.928669092,0.154771627,101,13.21989529,0.75,0.458333333,0.291666667,16.488372,3,11,0,0,2,30,4,26,9,61,1,3
LTR1348_2010,22,0.859424,2.312897993,0.748258242,0.105131727,250,7.292642924,NA,NA,NA,19.87670688,13,185,0,0,2,4,1,1,7,56,1,8
LTR1348_2012,31,0.942599258,3.091128283,0.900157193,0.099713816,2982,17.51787783,0.822222222,0.511111111,0.311111111,28.01042598,15,1467,0,0,3,72,8,777,6,398,2,340
LTR1348_2013,28,0.947984059,3.081507668,0.92476547,0.110053845,556,19.87760886,0.82,0.38,0.44,26.14862176,10,323,1,4,2,58,3,37,11,151,3,41
LTR1348_2014,27,0.809792844,2.275039857,0.69027684,0.084260735,177,5.387755102,0.9,0.44,0.46,27,14,50,0,0,2,5,4,4,9,123,0,0
LTR1348_2015,34,0.853511094,2.470689889,0.700634513,0.07266735,303,6.960748517,0.581395349,0.372093023,0.209302326,27.74937146,17,162,0,0,6,34,2,6,15,135,0,0
LTR1348_2016,22,0.936490221,2.865252893,0.926953588,0.130238768,336,16.47058824,0.923076923,0.346153846,0.576923077,20.6750612,6,105,0,0,1,25,8,110,5,78,3,43
LTR1348_2017,22,0.917061959,2.690509777,0.87042149,0.122295899,286,12.54385965,0.742857143,0.371428571,0.371428571,20.02147326,6,92,0,0,4,28,4,69,9,88,3,37
LTR1348_2020,32,0.940617726,3.081308453,0.889077685,0.096290889,506,17.38535855,0.744186047,0.488372093,0.255813953,28.53901756,8,100,0,0,1,44,11,206,10,162,3,38
LTR137_2010,14,0.886977814,2.348351224,0.889844718,0.167739373,183,9.246529706,NA,NA,NA,13.76646397,5,79,1,3,1,25,1,18,6,55,1,28
LTR137_2012,25,0.934464902,2.958839819,0.919215273,0.118353593,459,15.74932574,0.852941176,0.588235294,0.264705882,23.84935229,15,258,0,0,1,61,1,19,7,150,2,32
LTR137_2013,39,0.967547048,3.523139971,0.961670721,0.090336922,965,31.79723817,0.857142857,0.553571429,0.303571429,35.99749626,12,331,1,35,4,97,10,299,14,256,2,44
LTR137_2014,25,0.94284149,2.993085215,0.929854203,0.119723409,148,19.70652174,0.769230769,0.25,0.519230769,25,7,42,1,11,1,10,9,57,6,28,2,10
LTR137_2015,34,0.942780265,3.065518888,0.869315223,0.09016232,403,18.22339708,0.717391304,0.456521739,0.260869565,27.28996288,11,95,0,0,1,17,12,236,10,71,1,1
LTR137_2016,35,0.735782716,2.171172472,0.610677895,0.062033499,450,3.808383911,0.887096774,0.451612903,0.435483871,24.31709176,17,309,1,1,3,13,4,14,11,103,2,23
LTR137_2017,21,0.920619806,2.729330036,0.896472301,0.129968097,152,13.64565993,0.857142857,0.285714286,0.571428571,20.91947712,7,49,1,5,3,19,4,36,8,39,1,23
LTR137_2020,27,0.8637506,2.486409982,0.7544093,0.092089259,379,7.46467278,0.88372093,0.511627907,0.372093023,22.0504293,7,143,3,7,1,108,6,42,8,142,3,45
LTR1438_2010,28,0.830309189,2.318716748,0.695850672,0.082811312,166,6.073170732,NA,NA,NA,28,15,107,1,34,2,5,1,1,9,19,2,5
LTR1438_2012,32,0.955409877,3.257753435,0.939988945,0.101804795,2595,22.61327752,0.867924528,0.471698113,0.396226415,29.3674072,18,1659,1,29,0,0,5,308,6,395,2,204
LTR1438_2013,29,0.956434437,3.223060744,0.9571659,0.111140026,501,24.0080506,0.729166667,0.333333333,0.395833333,27.80005566,16,268,1,17,5,81,0,0,11,187,1,29
LTR1438_2014,35,0.853557341,2.420926483,0.680925311,0.069169328,370,6.938205102,0.814814815,0.462962963,0.351851852,25.89039231,19,312,2,9,4,8,1,6,12,41,1,2
LTR1438_2015,40,0.89156621,2.728392364,0.739626328,0.068209809,661,9.338556383,0.636363636,0.363636364,0.272727273,25.80694541,24,546,2,18,6,34,1,11,12,85,1,1
LTR1438_2016,39,0.941963381,3.130775701,0.85457159,0.0802763,779,17.59761905,0.803030303,0.393939394,0.409090909,30.69052249,26,527,2,14,3,76,2,8,8,168,1,62
LTR1438_2017,17,0.888419273,2.393772893,0.844896802,0.14081017,182,9.374501992,0.833333333,0.1875,0.645833333,16.55986996,11,120,2,39,1,3,0,0,3,14,1,9
LTR1438_2020,37,0.939484444,3.145944575,0.871231263,0.085025529,750,16.87443677,0.744186047,0.604651163,0.139534884,31.32095379,22,515,2,15,6,105,0,0,10,163,3,57
LTR1462_2010,22,0.883911133,2.575935693,0.833355003,0.117087986,128,9.163472379,NA,NA,NA,17.23157283,4,45,1,6,1,4,5,32,9,28,2,13
LTR1462_2011,9,0.693816885,1.517949388,0.690848539,0.168661043,58,3.401234568,0.851851852,0.185185185,0.666666667,9,0,0,0,0,1,16,3,8,5,23,1,27
LTR1462_2012,18,0.889729049,2.502218968,0.865708351,0.139012165,69,10.28947368,0.875,0.625,0.25,17.05899445,4,7,0,0,2,7,7,38,6,18,1,6
LTR1462_2013,30,0.942382813,3.073066275,0.903524827,0.102435542,128,19.92156863,0.857142857,0.571428571,0.285714286,22.95301394,9,56,0,0,6,11,6,23,13,36,2,13
LTR1462_2014,37,0.959630687,3.375900104,0.934914663,0.091240543,393,26.37042109,0.86440678,0.491525424,0.372881356,26.0971158,13,117,0,0,6,58,10,131,13,133,1,12
LTR1462_2015,33,0.827253095,2.580042256,0.737891227,0.078183099,665,5.830868371,0.923076923,0.430769231,0.492307692,19.03229581,10,371,0,0,10,79,7,121,12,146,4,27
LTR1462_2016,18,0.906035665,2.590263706,0.89616974,0.143903539,162,11.3203125,0.840909091,0.25,0.590909091,15.81346114,7,67,0,0,2,14,3,19,7,73,1,3
LTR1462_2017,30,0.91192192,2.837295593,0.834204921,0.09457652,311,11.7458577,0.769230769,0.538461538,0.230769231,19.58327282,6,52,1,64,1,18,9,101,10,56,4,38
LTR1462_2020,36,0.930911476,2.973564514,0.829788977,0.082599014,841,14.71014493,0.730769231,0.423076923,0.307692308,19.88437082,11,276,2,72,3,99,8,172,12,270,3,51
LTR161_2010,47,0.934597184,3.058861901,0.794479126,0.065082168,830,15.55804278,NA,NA,NA,44.49353326,22,318,3,28,3,10,6,160,13,256,5,68
LTR161_2012,32,0.91056691,3.011905466,0.869052216,0.094122046,1626,11.25204408,0.784615385,0.276923077,0.507692308,31.99784972,14,578,0,0,3,79,4,292,11,294,3,462
LTR161_2013,46,0.944587746,3.271673382,0.854525938,0.071123334,2096,18.19459522,0.7,0.466666667,0.233333333,44.2417017,15,653,0,0,8,156,9,580,21,616,1,247
LTR161_2014,38,0.960801614,3.394626818,0.933208636,0.089332285,855,26.26510791,0.64516129,0.258064516,0.387096774,37.77030021,15,332,0,0,3,65,6,170,14,257,3,96
LTR161_2015,44,0.932358745,3.144059957,0.830841015,0.071455908,1540,14.91748386,0.698412698,0.396825397,0.301587302,41.91941225,22,600,0,0,3,202,10,404,11,294,1,242
LTR161_2016,35,0.930810852,3.069485116,0.863343072,0.087699575,822,14.69391221,0.765625,0.3125,0.453125,34.97129354,10,284,3,9,5,64,9,333,12,149,3,47
LTR161_2017,64,0.964767562,3.723405226,0.895289709,0.058178207,1411,28.94506358,0.68,0.533333333,0.146666667,61.78550145,42,643,0,0,2,108,11,402,9,211,2,155
LTR161_2020,34,0.896806584,2.772944682,0.786347472,0.081557197,695,9.813428281,0.804878049,0.219512195,0.585365854,34,10,284,3,12,3,57,5,75,16,145,2,179
LTR175_2010,31,0.914201183,2.8058078,0.817069964,0.090509929,312,12.06865672,NA,NA,NA,31,16,216,0,0,4,27,1,1,11,90,3,5
LTR175_2012,29,0.944181144,3.120999928,0.92685647,0.107620687,2572,18.03374059,0.888888889,0.425925926,0.462962963,28.23027971,14,1257,0,0,3,140,6,468,8,470,1,377
LTR175_2013,35,0.948859874,3.20706736,0.902040336,0.091630496,2091,19.72926486,0.79245283,0.452830189,0.339622642,31.60704457,16,1175,0,0,4,216,5,402,11,382,3,132
LTR175_2014,40,0.875418982,2.519806794,0.683081902,0.06299517,835,8.09511078,0.728813559,0.406779661,0.322033898,28.72700713,26,680,0,0,4,10,2,14,10,139,2,2
LTR175_2015,42,0.778328244,2.294069633,0.61377004,0.054620706,695,4.534114197,0.561403509,0.298245614,0.263157895,32.91575445,22,518,0,0,7,28,1,3,17,167,2,7
LTR175_2016,24,0.911916014,2.743284824,0.863196463,0.114303534,626,11.54402219,0.881355932,0.288135593,0.593220339,23.55804283,8,330,1,3,5,72,4,90,7,152,4,51
LTR175_2017,19,0.91100346,2.576368034,0.874994541,0.135598318,425,11.514377,0.517241379,0.172413793,0.344827586,18.30931815,9,206,0,0,4,113,1,24,5,132,4,63
LTR175_2020,28,0.946036702,3.077627529,0.923601033,0.109915269,422,19.33630823,0.763157895,0.5,0.263157895,27.20004115,16,305,2,23,6,69,0,0,8,71,2,23
LTR192_2010,35,0.92446529,2.919314015,0.821104984,0.083408972,522,13.55742772,NA,NA,NA,31.95330343,23,375,0,0,3,31,2,14,9,132,1,1
LTR192_2012,35,0.959547323,3.338297604,0.938950996,0.095379932,3334,24.89743234,0.75,0.375,0.375,33.51384953,20,1833,0,0,4,280,5,572,9,781,1,148
LTR192_2013,49,0.965432328,3.583782834,0.920850029,0.073138425,3561,29.15750882,0.666666667,0.444444444,0.222222222,44.35208405,19,1768,3,48,7,542,6,548,22,1129,1,68
LTR192_2014,44,0.817487245,2.381470006,0.629321,0.054124318,1120,5.50108856,0.743243243,0.337837838,0.405405405,31.16115812,27,931,0,0,4,46,3,19,13,167,1,3
LTR192_2015,58,0.908065284,3.067825908,0.755539704,0.05289355,378,11.16993259,0.675324675,0.428571429,0.246753247,55.33934534,20,233,0,0,12,47,7,44,29,99,2,2
LTR192_2016,41,0.950496449,3.291034372,0.88621799,0.080269131,789,20.70507526,0.792682927,0.292682927,0.5,38.95681279,15,326,3,8,6,116,6,178,16,225,3,52
LTR192_2017,39,0.957867056,3.350860734,0.914645653,0.085919506,370,25.292701,0.68852459,0.327868852,0.360655738,38.48247399,15,106,0,0,6,34,10,129,11,92,3,43
LTR192_2020,26,0.910312301,2.787167344,0.855458797,0.107198744,339,11.49498395,0.818181818,0.290909091,0.527272727,26,4,80,3,9,2,17,6,69,12,98,3,83
LTR231_2010,6,0.771484375,1.626862939,0.907969494,0.271143823,32,4.910891089,NA,NA,NA,6,2,10,0,0,0,0,0,0,3,10,1,12
LTR231_2012,15,0.916293828,2.565793763,0.947469054,0.171052918,296,12.40693379,0.894736842,0.684210526,0.210526316,12.26307566,4,54,0,0,3,49,4,114,6,110,1,18
LTR231_2013,26,0.942308675,3.027339505,0.92917428,0.116436135,671,17.76675624,0.71875,0.53125,0.1875,16.3430764,10,192,0,0,3,138,7,143,8,268,1,68
LTR231_2014,31,0.937324446,3.012969778,0.877396915,0.097192573,674,16.31779265,0.704545455,0.409090909,0.295454545,15.91521179,12,186,0,0,4,163,7,184,10,270,2,34
LTR231_2015,11,0.814415184,1.895964969,0.790678805,0.172360452,227,5.495072836,0.833333333,0.138888889,0.694444444,7.542494663,1,19,0,0,2,43,2,8,6,175,2,25
LTR231_2016,25,0.935485254,2.92312273,0.908119135,0.116924909,432,16.03997243,0.8,0.633333333,0.166666667,15.44191328,8,103,0,0,4,67,9,137,7,136,1,56
LTR231_2017,24,0.946582104,3.047293953,0.958855361,0.126970581,379,19.64107486,0.6,0.285714286,0.314285714,16.77019374,10,116,2,10,2,40,7,159,4,66,2,28
LTR231_2020,26,0.941398441,2.993495248,0.918786541,0.115134433,211,18.47789825,0.80952381,0.428571429,0.380952381,16.33882065,9,81,2,8,4,33,8,72,6,45,2,5
LTR245_2010,17,0.824442392,2.149876264,0.758811993,0.12646331,953,5.724373778,NA,NA,NA,13.34967829,4,79,1,243,2,78,4,152,7,192,1,287
LTR245_2012,26,0.898981141,2.624446649,0.805515312,0.100940256,1114,9.978929577,0.735294118,0.5,0.235294118,17.44711657,6,69,2,67,1,129,7,502,7,196,4,280
LTR245_2013,16,0.913473116,2.553231172,0.920883487,0.159576948,317,11.95655288,0.95,0.35,0.6,14.20319234,11,224,1,46,2,41,1,3,2,41,1,3
LTR245_2014,40,0.961217511,3.441702428,0.932994008,0.086042561,507,27.11287254,0.901960784,0.68627451,0.215686275,30.25396285,18,260,1,36,3,64,5,67,14,126,2,18
LTR245_2015,31,0.830999139,2.410973235,0.702091502,0.07777333,718,5.957989029,0.85483871,0.35483871,0.5,18.70379202,8,324,3,29,3,42,4,51,13,253,3,61
LTR245_2016,21,0.908200754,2.667182299,0.876059334,0.127008681,355,11.20652755,0.869565217,0.326086957,0.543478261,17.46056714,6,50,1,3,3,85,7,116,5,97,2,89
LTR245_2017,16,0.909136696,2.557693033,0.922492764,0.159855815,209,11.56170213,0.84375,0.34375,0.5,15.21914951,9,83,0,0,2,23,4,97,2,23,1,6
LTR245_2020,19,0.928993085,2.752617827,0.934853073,0.144874622,77,17.01162791,0.939393939,0.515151515,0.424242424,19,3,17,1,5,1,3,2,11,12,40,1,4
LTR26_2010,23,0.922837846,2.734883583,0.872233656,0.118907982,429,13.33226837,NA,NA,NA,21.33945172,10,184,2,2,5,142,0,0,8,210,3,33
LTR26_2012,14,0.913116907,2.534978567,0.960562144,0.181069898,292,11.94097808,0.724137931,0.206896552,0.517241379,14,7,144,0,0,3,82,0,0,6,136,1,12
LTR26_2013,41,0.965704479,3.499928741,0.942469589,0.085364116,1086,29.93521671,0.87755102,0.714285714,0.163265306,38.76009382,13,368,1,15,4,124,10,341,16,309,1,53
LTR26_2014,25,0.950284694,3.092620086,0.960776449,0.123704803,287,21.55514706,0.68,0.18,0.5,25,11,137,0,0,3,24,6,83,7,48,1,19
LTR26_2015,41,0.965318869,3.503712244,0.943488421,0.085456396,936,29.71882641,0.705882353,0.509803922,0.196078431,39.46890448,16,420,1,6,5,116,11,272,10,206,3,32
LTR26_2016,48,0.969776171,3.631519435,0.938085991,0.075656655,1320,33.91141755,0.630769231,0.369230769,0.261538462,43.93023352,24,694,0,0,6,136,8,249,13,329,3,48
LTR26_2017,34,0.949099223,3.138347274,0.889967788,0.092304332,405,20.59667674,0.698412698,0.238095238,0.46031746,31.29134204,15,121,3,19,2,42,7,126,7,108,2,31
LTR26_2020,31,0.918965718,2.764125611,0.804931832,0.089165342,1535,12.43236536,0.839285714,0.392857143,0.446428571,25.12006453,12,492,0,0,5,364,4,63,12,770,3,210
LTR268_2010,15,0.849107626,2.241051578,0.827551711,0.149403439,43,7.652542373,NA,NA,NA,15,4,8,1,1,0,0,4,17,6,17,0,0
LTR268_2011,14,0.802721088,2.070919352,0.78471935,0.147922811,84,5.330275229,0.791666667,0.375,0.416666667,11.77206386,3,13,1,32,0,0,4,14,4,20,2,5
LTR268_2012,14,0.867283951,2.250517695,0.852773326,0.160751264,72,8.298701299,0.88,0.44,0.44,11.99263962,3,5,1,6,0,0,4,27,4,18,2,16
LTR268_2013,8,0.478024691,1.114865655,0.536137051,0.139358207,45,1.956521739,0.9,0.3,0.6,7.821212121,1,1,2,35,0,0,0,0,5,9,0,0
LTR268_2014,24,0.780304933,1.922303464,0.604868126,0.080095978,1251,4.564733837,1,0.75,0.25,9.13538139,6,157,2,9,4,599,6,30,8,779,2,276
LTR268_2015,16,0.914713542,2.593064004,0.935250145,0.1620665,192,12.42276423,0.888888889,0.333333333,0.555555556,13.84894385,4,58,1,25,4,26,0,0,10,94,1,15
LTR268_2016,20,0.871884275,2.424956585,0.809470394,0.121247829,479,7.918176788,0.838709677,0.483870968,0.35483871,13.10448935,6,43,2,106,3,104,2,25,6,166,3,138
LTR268_2017,19,0.761142659,1.894300788,0.643348632,0.099700041,760,4.204250605,0.7,0.333333333,0.366666667,9.91938448,4,37,2,316,4,51,3,41,7,83,3,283
LTR268_2020,50,0.899340536,2.814972109,0.719569416,0.056299442,1662,9.988212053,0.810344828,0.672413793,0.137931034,16.09499992,12,339,2,430,8,637,14,73,17,784,4,35
LTR325_2010,22,0.901590579,2.635302661,0.852561134,0.119786485,1203,10.23967539,NA,NA,NA,20.2748279,8,563,0,0,1,56,8,304,4,221,2,115
LTR325_2012,30,0.909505208,2.766494127,0.813388291,0.092216471,288,11.45137157,0.818181818,0.5,0.318181818,30,16,167,1,3,2,10,4,30,7,72,2,16
LTR325_2013,39,0.921347205,2.902760264,0.792332857,0.07442975,2526,12.77336522,0.830508475,0.491525424,0.338983051,31.73175712,15,1199,1,32,2,193,7,151,10,752,6,392
LTR325_2014,44,0.93012232,3.181361898,0.840698328,0.072303679,351,14.87648341,0.797101449,0.434782609,0.362318841,42.3250305,20,110,0,0,3,24,5,35,16,182,3,24
LTR325_2015,37,0.951274864,3.288953864,0.910835955,0.088890645,584,21.23437695,0.791044776,0.343283582,0.447761194,35.99258274,10,183,2,16,5,110,7,80,13,242,5,63
LTR325_2016,39,0.961689467,3.40751875,0.930110936,0.087372276,598,27.24820638,0.711864407,0.372881356,0.338983051,36.96028083,11,149,0,0,3,54,11,219,15,198,2,32
LTR325_2017,24,0.566507552,1.437654267,0.452369388,0.059902261,1276,2.309212151,0.788461538,0.25,0.538461538,16.90124697,7,148,1,33,1,818,7,182,8,909,1,4
LTR325_2020,25,0.745062459,2.034684524,0.632110288,0.081387381,390,3.952222164,0.860465116,0.441860465,0.418604651,23.47248524,7,113,1,4,2,12,5,30,9,218,3,25
LTR327_2010,15,0.889184552,2.337049362,0.863000753,0.155803291,169,9.476635514,NA,NA,NA,14.2007841,5,60,0,0,1,1,3,36,6,72,1,1
LTR327_2012,44,0.916311719,2.964874099,0.783489831,0.067383502,410,12.27778591,0.865384615,0.711538462,0.153846154,29.73915377,17,268,0,0,6,13,4,35,21,102,2,5
LTR327_2013,29,0.944262306,3.081497225,0.915125187,0.106258525,1735,18.11819474,0.822580645,0.290322581,0.532258065,25.91826363,8,702,0,0,5,262,5,313,15,542,1,178
LTR327_2014,43,0.831941093,2.157387265,0.573590131,0.050171797,2796,5.960851975,0.8,0.516666667,0.283333333,15.73720033,11,1789,0,0,5,56,5,759,24,237,3,11
LTR327_2015,35,0.946408282,3.177120716,0.893617351,0.090774878,890,19.03777671,0.8,0.338461538,0.461538462,29.04557961,11,325,0,0,2,50,11,417,11,126,2,22
LTR327_2016,32,0.948732122,3.162330842,0.912455805,0.098822839,713,20.02587771,0.803571429,0.375,0.428571429,27.52044369,11,275,0,0,3,47,6,213,12,168,3,57
LTR327_2017,15,0.556670523,1.257670851,0.464419327,0.083844723,424,2.262374489,0.931818182,0.272727273,0.659090909,9.009444005,8,401,0,0,2,8,3,13,4,10,0,0
LTR327_2020,32,0.874556213,2.712647539,0.78270463,0.084770236,130,8.427135678,0.853658537,0.634146341,0.219512195,32,7,14,0,0,4,8,6,54,17,60,2,2
LTR33_2010,8,0.75767313,1.647733616,0.792392372,0.205966702,95,4.268642447,NA,NA,NA,8,0,0,0,0,0,0,4,37,3,24,1,34
LTR33_2012,18,0.729333928,1.939647157,0.671071862,0.107758175,746,3.708000854,0.869565217,0.652173913,0.217391304,14.00698213,7,581,0,0,2,62,5,48,6,117,0,0
LTR33_2013,13,0.897107166,2.370297562,0.924110862,0.182330582,234,10.09666667,0.966666667,0.4,0.566666667,12.32698591,8,160,0,0,1,1,0,0,4,41,1,33
LTR33_2014,33,0.94418315,3.120751999,0.892534034,0.094568242,545,18.49070725,0.756756757,0.648648649,0.108108108,25.85783995,10,144,0,0,2,52,7,184,11,141,5,76
LTR33_2015,27,0.917208665,2.806123026,0.851414418,0.103930482,286,12.56706753,0.723404255,0.29787234,0.425531915,21.70558774,9,171,0,0,2,32,6,39,10,58,2,18
LTR33_2016,34,0.95660108,3.291275362,0.933334904,0.096802217,720,23.77077785,0.70212766,0.425531915,0.276595745,28.30484546,8,251,0,0,2,73,10,234,13,186,3,49
LTR33_2017,42,0.961169899,3.449074098,0.922787312,0.082120812,557,26.95317668,0.793650794,0.46031746,0.333333333,32.49850226,29,350,1,2,2,19,4,108,6,84,2,13
LTR33_2020,28,0.932632221,2.958267379,0.887780858,0.105652406,162,16.24034869,0.888888889,0.333333333,0.555555556,24.58024068,6,62,1,7,3,20,10,57,10,31,1,5
LTR387_2010,22,0.813669847,2.286563798,0.739738723,0.103934718,91,5.640495868,NA,NA,NA,15.61164093,11,36,0,0,2,37,2,3,9,52,0,0
LTR387_2012,28,0.893976182,2.736325721,0.821175805,0.097725919,93,10.38349515,0.780487805,0.463414634,0.317073171,19.69989644,12,48,2,4,2,14,4,11,7,24,3,6
LTR387_2013,33,0.957372216,3.302702443,0.944571801,0.100081892,395,24.87691816,0.87037037,0.481481481,0.388888889,23.16642986,9,107,2,29,4,58,13,164,6,77,3,18
LTR387_2014,27,0.69406183,1.880481592,0.570562703,0.069647466,198,3.30671414,0.846153846,0.365384615,0.480769231,12.02539343,13,41,1,103,2,33,6,16,3,34,4,4
LTR387_2015,28,0.887860082,2.641380639,0.792682631,0.094335023,108,9.63,0.75,0.386363636,0.363636364,17.74116493,10,23,2,24,1,18,5,15,9,42,2,4
LTR387_2016,23,0.878524615,2.524555319,0.805153875,0.109763275,81,9.05027933,0.583333333,0.222222222,0.361111111,17.29750538,6,22,3,18,2,18,3,7,11,34,0,0
LTR387_2017,9,0.703993056,1.567557137,0.713425998,0.174173015,48,3.558359621,0.933333333,0.233333333,0.7,9,3,17,1,23,0,0,1,1,4,7,0,0
LTR387_2020,38,0.921610169,2.920577259,0.80288882,0.076857296,708,12.97247706,0.931818182,0.795454545,0.136363636,18.14252291,8,191,1,81,6,127,13,252,15,156,1,28
LTR40_2010,8,0.61882716,1.378861737,0.66309233,0.172357717,36,2.751091703,NA,NA,NA,8,0,0,1,1,0,0,3,28,0,0,4,7
LTR40_2012,23,0.878253685,2.497819031,0.796626898,0.108600827,1230,8.26229777,0.931034483,0.724137931,0.206896552,12.6931185,4,257,2,358,1,112,8,384,8,207,1,24
LTR40_2013,26,0.929209127,2.905717825,0.89184522,0.111758378,848,14.34847577,0.833333333,0.452380952,0.380952381,16.03693683,6,202,1,17,4,190,4,123,11,394,4,112
LTR40_2014,27,0.943976927,3.04144212,0.922813308,0.112646004,395,18.64725617,0.738095238,0.380952381,0.357142857,17.42721575,3,49,2,23,2,40,13,216,7,75,2,32
LTR40_2015,32,0.944329909,3.074263209,0.887044857,0.096070725,576,18.50899743,0.595238095,0.357142857,0.238095238,17.45878319,6,57,3,73,1,42,12,299,8,78,3,69
LTR40_2016,22,0.924554184,2.811105346,0.90943602,0.127777516,216,14.05569007,0.826086957,0.304347826,0.52173913,15.59250589,9,97,1,13,2,19,2,38,8,57,2,11
LTR40_2017,23,0.927841978,2.802434219,0.893777512,0.121844966,122,15.50630252,0.783783784,0.405405405,0.378378378,15.49199971,5,31,4,21,1,13,4,21,8,34,2,15
LTR40_2020,18,0.904613055,2.575619686,0.891103257,0.143089983,337,10.78810976,0.828571429,0.342857143,0.485714286,13.20566,2,72,4,80,2,36,4,105,6,68,2,12
LTR401_2010,17,0.905243464,2.527888548,0.892233743,0.148699326,249,10.97618201,NA,NA,NA,17,7,75,1,8,3,30,3,99,5,39,1,28
LTR401_2012,20,0.939676054,2.872701201,0.958931219,0.14363506,531,17.07913582,0.806451613,0.451612903,0.35483871,19.4469393,8,156,1,26,4,126,4,107,6,204,1,38
LTR401_2013,22,0.91913684,2.754956483,0.891270995,0.125225295,377,12.75206909,0.833333333,0.444444444,0.388888889,21.76098047,7,57,2,76,4,61,4,117,6,73,3,54
LTR401_2014,24,0.936762784,2.934634812,0.923406263,0.122276451,510,16.28748902,0.606060606,0.333333333,0.272727273,23.6501237,6,121,3,67,2,59,6,167,5,96,4,59
LTR401_2015,28,0.931778795,2.966988638,0.890398122,0.10596388,573,15.01676899,0.594594595,0.351351351,0.243243243,27.3931768,7,195,2,125,2,48,7,117,10,111,2,25
LTR401_2016,27,0.940615663,3.025807586,0.918069586,0.112066948,470,17.42805187,0.804347826,0.391304348,0.413043478,25.79333095,14,236,0,0,3,98,4,67,6,150,3,17
LTR401_2017,27,0.947426498,3.075270312,0.933077223,0.1138989,307,20.21127367,0.772727273,0.386363636,0.386363636,26.76427938,12,130,1,5,2,27,5,84,5,59,4,29
LTR401_2020,21,0.469955946,1.215096848,0.399109178,0.057861755,484,1.89010527,0.88372093,0.372093023,0.511627907,16.79136033,6,20,2,37,2,28,6,44,5,32,2,351
LTR41_2010,16,0.833022388,2.215327077,0.799010347,0.138457942,536,6.04519774,NA,NA,NA,13.51603456,8,201,0,0,4,247,0,0,7,297,1,38
LTR41_2012,38,0.952221442,3.301596822,0.907633985,0.086884127,4275,21.02794542,0.8,0.644444444,0.155555556,28.30487653,18,2147,2,62,3,552,6,690,10,991,2,385
LTR41_2013,26,0.910674203,2.784878893,0.854756408,0.107110727,655,11.37225231,0.608695652,0.173913043,0.434782609,20.53886959,10,232,0,0,3,168,5,86,6,252,5,85
LTR41_2014,57,0.955511825,3.512823837,0.868854636,0.061628488,3645,22.61115443,0.779411765,0.617647059,0.161764706,33.38965479,33,2393,0,0,2,126,8,546,12,526,4,180
LTR41_2015,44,0.938710318,3.242471736,0.856847053,0.073692539,741,16.66079242,0.635135135,0.22972973,0.405405405,29.29823625,20,368,0,0,5,68,8,151,12,171,4,51
LTR41_2016,34,0.952109618,3.239382119,0.918619097,0.095275945,2527,21.04666851,0.581818182,0.2,0.381818182,26.85887773,12,1086,0,0,2,97,11,872,8,468,3,101
LTR41_2017,8,0.823088843,1.816846937,0.873718689,0.227105867,88,5.971918877,0.894736842,0.105263158,0.789473684,8,4,45,0,0,1,18,0,0,2,19,2,24
LTR41_2020,22,0.916921864,2.72590645,0.88187286,0.123904839,349,12.43111566,0.8,0.68,0.12,18.94344433,9,149,0,0,1,38,7,81,5,112,1,7
LTR43_2010,35,0.912370592,2.832072715,0.796566937,0.080916363,436,11.69153002,NA,NA,NA,28.79332959,16,142,6,5,2,20,3,139,12,118,3,32
LTR43_2012,21,0.893780185,2.519346055,0.827501228,0.11996886,1217,9.480038948,0.782608696,0.239130435,0.543478261,18.85705958,5,129,0,0,4,87,7,804,7,125,2,159
LTR43_2013,38,0.952467642,3.289710229,0.904366271,0.086571322,941,21.49654904,0.717391304,0.543478261,0.173913043,34.91361884,15,322,0,0,1,75,9,328,10,231,4,60
LTR43_2014,34,0.91200831,2.799196256,0.793791853,0.082329302,380,11.68424469,0.75862069,0.344827586,0.413793103,27.75767599,7,29,6,30,0,0,8,183,11,61,6,76
LTR43_2015,32,0.918395218,2.877581289,0.830294451,0.089924415,197,13.0006734,0.68,0.32,0.36,32,9,36,6,10,3,36,5,49,13,79,4,23
LTR43_2016,30,0.695735632,1.96120509,0.576621957,0.065373503,326,3.309903155,0.652173913,0.304347826,0.347826087,24.43767986,9,222,6,18,5,12,5,40,12,33,3,13
LTR43_2017,28,0.87501993,2.471901122,0.741821552,0.088282183,448,8.128592304,0.816326531,0.387755102,0.428571429,23.2082007,12,142,6,29,2,128,7,35,5,137,3,105
LTR43_2020,21,0.857814573,2.349150304,0.771598946,0.1118643,359,7.153623511,0.804878049,0.317073171,0.487804878,19.56396385,2,24,6,8,0,0,7,194,8,33,3,100
LTR450_2010,22,0.932992666,2.867141566,0.927564603,0.130324617,1120,15.11177563,NA,NA,NA,20.380539,13,645,2,152,1,122,3,56,2,221,2,46
LTR450_2012,14,0.744015253,1.780225555,0.674568731,0.127158968,119,4.005134056,0.838709677,0.290322581,0.548387097,13.7435513,2,5,2,28,2,53,2,3,5,63,3,20
LTR450_2013,17,0.745581637,1.84206118,0.650166774,0.10835654,181,3.995584989,0.708333333,0.416666667,0.291666667,14.84505414,6,22,2,56,1,14,2,3,5,22,2,78
LTR450_2014,17,0.912263374,2.581829164,0.911272414,0.151872304,135,12.35655738,0.827586207,0.413793103,0.413793103,16.50662147,4,37,3,34,1,4,2,20,6,30,2,14
LTR450_2015,14,0.796146918,1.956125584,0.74122133,0.139723256,113,5.082730924,0.851851852,0.37037037,0.481481481,14,1,21,2,47,0,0,0,0,5,6,5,37
LTR450_2016,31,0.844172601,2.543568697,0.740704186,0.082050603,970,6.453435681,0.928571429,0.666666667,0.261904762,21.85030778,13,284,2,351,1,39,10,240,4,49,2,46
LTR450_2017,16,0.880999343,2.397493043,0.864712831,0.149843315,156,8.824817518,0.825,0.225,0.6,15.80114413,4,23,2,32,1,33,3,33,5,50,2,18
LTR450_2020,19,0.815465947,2.224455525,0.755476864,0.117076607,421,5.476677198,0.75,0.428571429,0.321428571,15.73414853,1,4,2,47,0,0,9,171,4,18,3,181
LTR50_2010,5,0.584444444,1.152551392,0.716120444,0.230510278,30,2.529069767,NA,NA,NA,5,1,2,0,0,0,0,1,18,2,4,1,6
LTR50_2012,26,0.934285903,2.920561913,0.896401282,0.112329304,1740,15.34287279,0.851851852,0.814814815,0.037037037,14.82498947,10,617,1,144,1,68,9,840,4,79,2,60
LTR50_2013,13,0.891923221,2.378989833,0.927499729,0.182999218,331,9.490008688,0.818181818,0.212121212,0.606060606,10.73049917,1,8,0,0,1,65,5,128,5,150,2,45
LTR50_2014,23,0.914804568,2.678233505,0.854166304,0.116444935,491,12.00069832,0.8,0.566666667,0.233333333,12.72312451,6,47,2,73,1,56,6,219,6,96,3,56
LTR50_2015,29,0.929090589,2.932812423,0.870969636,0.101131463,564,14.4385231,0.7,0.425,0.275,14.8979346,4,137,3,18,1,39,8,211,10,148,4,50
LTR50_2016,25,0.912802663,2.661186413,0.826744043,0.106447457,809,11.61877,0.65,0.275,0.375,12.50878898,1,36,1,9,2,49,9,624,10,95,4,45
LTR50_2017,33,0.954718629,3.254220548,0.930705995,0.098612744,406,23.29696798,0.739130435,0.456521739,0.282608696,17.79459028,9,110,2,24,1,19,9,173,11,70,2,29
LTR50_2020,27,0.875471536,2.630178955,0.798030686,0.097414035,216,8.301751877,0.666666667,0.266666667,0.4,13.45295941,2,12,2,30,1,64,10,57,10,98,3,19
LTR612_2010,7,0.571851852,1.228758396,0.631456903,0.175536914,45,2.408759124,NA,NA,NA,7,0,0,1,3,1,8,2,29,3,11,1,2
LTR612_2011,12,0.220027461,0.547015221,0.220135119,0.045584602,2056,1.282272441,0.733333333,0.533333333,0.2,4.005652992,1,1,2,130,1,56,4,1843,4,59,1,23
LTR612_2012,9,0.475635152,1.143565383,0.520459035,0.12706282,49,1.943801653,0.833333333,0.333333333,0.5,8.586512866,0,0,2,2,1,4,5,42,1,4,1,1
LTR612_2013,7,0.746038932,1.591214233,0.817722357,0.227316319,47,4.206225681,0.666666667,0.25,0.416666667,6.956521739,1,4,1,1,0,0,4,31,0,0,1,11
LTR612_2014,14,0.475035704,1.136231309,0.430544383,0.081159379,646,1.907567642,0.6875,0.5625,0.125,6.584762975,0,0,3,3,3,60,4,112,3,60,4,471
LTR612_2015,22,0.798273991,2.185452135,0.707027538,0.099338733,442,5.002104291,0.666666667,0.481481481,0.185185185,12.35580824,0,0,5,119,3,35,6,58,5,42,5,222
LTR612_2016,33,0.76647028,2.067170698,0.591210132,0.062641536,1003,4.296182619,0.625,0.45,0.175,11.86468028,5,10,4,62,2,416,12,157,6,428,6,346
LTR612_2017,10,0.785218254,1.765542286,0.766765272,0.176554229,336,4.707259953,0.805555556,0.083333333,0.722222222,7.647892118,0,0,3,208,2,41,2,74,4,51,1,3
LTR612_2020,35,0.845879371,2.297853391,0.646308983,0.065652954,1785,6.50844714,0.783783784,0.72972973,0.054054054,11.81450894,5,68,4,96,4,1082,13,278,9,1113,4,230
LTR62_2010,28,0.873492391,2.482560305,0.74502039,0.088662868,302,8.090245639,NA,NA,NA,22.12920298,11,48,2,26,0,0,4,98,8,85,3,45
LTR62_2012,16,0.885358743,2.361045784,0.851567261,0.147565361,991,8.791444138,0.871794872,0.282051282,0.58974359,14.4775776,6,220,0,0,2,138,4,309,5,277,1,185
LTR62_2013,32,0.856540865,2.408626018,0.694982562,0.075269563,964,7.014113878,0.829268293,0.609756098,0.219512195,22.2823667,8,353,3,302,1,145,6,71,12,219,3,19
LTR62_2014,31,0.900262026,2.769312808,0.806442378,0.089332671,244,10.41306639,0.764705882,0.37254902,0.392156863,27.85049533,11,88,1,15,5,20,4,32,13,52,2,57
LTR62_2015,29,0.851132544,2.4933716,0.740467047,0.085978331,261,6.868421053,0.421052632,0.184210526,0.236842105,24.86504312,11,156,0,0,4,24,4,14,11,51,2,32
LTR62_2016,54,0.961603764,3.612229967,0.90555137,0.066893148,1010,26.70711253,0.847222222,0.597222222,0.25,43.99774534,25,417,1,5,3,65,14,415,11,124,3,49
LTR62_2017,83,0.977590383,4.046596797,0.915759847,0.048754178,4682,45.04347236,0.719626168,0.495327103,0.224299065,56.92655813,52,2341,0,0,5,306,16,1613,12,512,3,216
LTR62_2020,24,0.924453125,2.794222458,0.879224396,0.116425936,160,14.34047351,0.849462366,0.107526882,0.741935484,24,6,20,2,9,1,8,6,69,9,61,1,1
LTR65_2010,30,0.875375375,2.70664835,0.795792789,0.090221612,222,8.2875,NA,NA,NA,20.7640107,14,81,1,4,2,7,2,19,9,97,4,21
LTR65_2012,27,0.952517529,3.144013572,0.953934827,0.116444947,1783,21.30018503,0.8125,0.375,0.4375,22.40385288,13,1047,0,0,4,295,4,241,9,471,1,24
LTR65_2013,35,0.962340058,3.368148143,0.94734695,0.096232804,843,27.38449074,0.652173913,0.413043478,0.239130435,26.30105661,14,371,0,0,5,141,7,158,13,306,1,8
LTR65_2014,31,0.819394398,2.178434395,0.63437464,0.070272077,341,5.611810261,0.754716981,0.339622642,0.41509434,13.86334213,18,224,1,2,4,91,1,1,10,113,1,1
LTR65_2015,41,0.786135537,2.26069488,0.608765587,0.0551389,623,4.70365605,0.588235294,0.392156863,0.196078431,15.7004815,18,463,2,3,6,9,3,20,18,137,0,0
LTR65_2016,26,0.918770248,2.844361905,0.87301339,0.109398535,275,12.84083163,0.844827586,0.293103448,0.551724138,19.80349627,12,111,0,0,2,31,4,39,7,64,3,61
LTR65_2017,13,0.841656805,2.120087841,0.826561287,0.16308368,65,6.887417219,0.852941176,0.235294118,0.617647059,13,10,39,1,7,0,0,0,0,1,1,1,18
LTR65_2020,27,0.936145892,2.932367699,0.889718702,0.108606211,514,16.12142333,0.888888889,0.638888889,0.25,19.71160224,9,186,2,3,3,76,3,65,11,207,2,53
LTR70_2010,38,0.909557992,2.857389152,0.785517931,0.075194451,522,11.27443827,NA,NA,NA,35.94477627,16,186,1,8,4,20,5,170,13,116,3,42
LTR70_2012,27,0.871393782,2.501175926,0.75888948,0.092636145,1607,7.808618144,0.75,0.269230769,0.480769231,23.94865383,6,207,1,29,4,195,7,648,11,242,2,481
LTR70_2013,33,0.912818375,2.876953884,0.822807854,0.087180421,1438,11.55449564,0.695652174,0.413043478,0.282608696,31.81421936,7,323,2,63,2,72,8,490,12,248,4,314
LTR70_2014,45,0.865469576,2.633328256,0.691768252,0.058518406,527,7.525301336,0.818181818,0.5,0.318181818,40.04078417,21,108,2,9,5,98,4,71,14,154,4,185
LTR70_2015,34,0.937007612,3.099652147,0.878994682,0.09116624,850,16.15803144,0.820895522,0.328358209,0.492537313,32.72904881,9,120,2,32,2,29,13,498,7,88,3,112
LTR70_2016,22,0.934397515,2.869437131,0.928307254,0.13042896,492,15.69872628,0.564102564,0.128205128,0.435897436,21.76290976,2,48,2,39,1,34,9,282,7,104,2,19
LTR70_2017,35,0.935514271,3.02773072,0.851598962,0.086506592,1148,15.70595673,0.642857143,0.476190476,0.166666667,31.3783129,12,158,1,23,5,74,11,684,9,153,2,130
LTR70_2020,28,0.919351616,2.81331507,0.844280434,0.100475538,381,12.78297722,0.714285714,0.285714286,0.428571429,28,5,23,1,37,3,23,8,149,11,97,3,75
LTR78_2010,25,0.834456335,2.426718031,0.753902345,0.097068721,174,6.221992559,NA,NA,NA,15.90629736,4,75,2,20,1,2,5,41,11,22,3,16
LTR78_2011,20,0.647460703,1.459991371,0.487357093,0.072999569,629,2.844882967,0.714285714,0.285714286,0.428571429,7.873055749,4,45,1,12,1,310,8,33,4,332,3,207
LTR78_2012,25,0.749806302,2.209639087,0.686462979,0.088385563,176,4.066543438,0.714285714,0.428571429,0.285714286,15.7099516,6,19,1,85,3,9,8,39,8,24,2,9
LTR78_2013,11,0.843815077,2.066540006,0.861814121,0.187867273,49,7.214723926,0.75862069,0.137931034,0.620689655,11,1,1,0,0,1,1,7,36,2,2,1,10
LTR78_2014,31,0.817451306,2.271297969,0.661417132,0.073267676,428,5.536047498,0.894736842,0.710526316,0.184210526,13.60605815,8,155,1,45,3,160,8,41,11,180,3,7
LTR78_2015,24,0.903891779,2.682170473,0.843966344,0.111757103,310,10.73157069,0.75,0.295454545,0.454545455,16.19101962,8,66,1,28,4,106,5,65,7,132,3,19
LTR78_2016,19,0.838566818,2.257581076,0.766727072,0.118820057,406,6.274996184,0.897435897,0.384615385,0.512820513,12.55441428,4,80,1,15,3,139,4,72,9,185,1,54
LTR78_2017,30,0.920665374,2.848361906,0.837458573,0.094945397,308,13.10002771,0.775,0.525,0.25,17.77251562,6,40,2,73,4,44,8,82,13,111,1,2
LTR78_2020,34,0.893907644,2.658714328,0.7539542,0.07819748,1640,9.474455951,0.72,0.4,0.32,15.69328778,10,367,2,40,5,697,6,94,12,822,4,317
LTR787_2010,40,0.916500967,3.075551954,0.833736096,0.076888799,3256,12.0167082,NA,NA,NA,38.41271574,21,1415,2,71,6,556,4,270,10,750,3,750
LTR787_2012,35,0.749781427,2.045384444,0.575297948,0.058439556,910,4.009723892,0.660714286,0.285714286,0.375,26.42170257,19,529,0,0,6,247,2,7,13,352,1,22
LTR787_2013,53,0.887924723,2.75664324,0.694317521,0.052012137,991,8.994554256,0.533333333,0.416666667,0.116666667,39.09061026,29,260,1,2,8,352,5,14,16,696,2,19
LTR787_2014,44,0.965392738,3.537649784,0.934850028,0.080401131,9220,28.98336952,0.74025974,0.311688312,0.428571429,41.63474836,20,3950,1,136,5,1385,8,1924,13,2947,2,263
LTR787_2015,48,0.948215938,3.18951523,0.823908451,0.066448234,1463,19.5558908,0.805194805,0.428571429,0.376623377,35.01525683,21,626,2,7,9,363,4,59,19,769,2,2
LTR787_2016,52,0.949340545,3.357401361,0.849707485,0.064565411,2347,19.89859996,0.850574713,0.448275862,0.402298851,45.93242824,32,1271,1,8,4,247,4,82,11,680,4,306
LTR787_2017,40,0.944855836,3.248653964,0.88066146,0.081216349,1008,18.44818436,0.835443038,0.341772152,0.493670886,36.65667755,16,550,1,1,8,99,6,112,13,290,4,55
LTR787_2020,26,0.922355984,2.790472264,0.856473168,0.107325856,371,13.30651415,0.9,0.333333333,0.566666667,26,3,49,2,79,4,55,10,83,9,105,2,55
LTR79_2010,9,0.83,1.956906756,0.890626646,0.217434084,20,7.916666667,NA,NA,NA,9,0,0,0,0,2,5,3,3,5,16,1,1
LTR79_2011,20,0.660469687,1.77158092,0.591368239,0.088579046,442,2.958294127,0.884615385,0.653846154,0.230769231,7.08513815,4,67,2,43,1,250,5,22,6,286,3,24
LTR79_2012,22,0.857063609,2.400716903,0.776669017,0.109123496,104,7.428571429,0.8,0.428571429,0.371428571,9.54404385,6,15,1,11,2,25,5,16,7,32,3,30
LTR79_2013,28,0.930454388,2.901250972,0.870670141,0.103616106,186,15.5,0.888888889,0.511111111,0.377777778,12.00058221,7,53,1,22,5,34,8,43,9,42,3,26
LTR79_2014,7,0.673828125,1.402299023,0.720639143,0.200328432,32,3.284768212,0.970588235,0.176470588,0.794117647,5.495831754,1,1,0,0,0,0,2,12,1,1,3,18
LTR79_2015,29,0.933400364,2.950842253,0.87632403,0.101753181,354,15.63588589,0.909090909,0.787878788,0.121212121,12.13631756,8,107,2,23,3,82,7,47,8,128,4,49
LTR79_2016,22,0.925296158,2.780919703,0.899670498,0.126405441,298,13.96875,0.813953488,0.325581395,0.488372093,11.4036677,8,111,0,0,3,46,5,34,7,123,2,30
LTR79_2017,21,0.875046483,2.419878063,0.794830097,0.115232289,726,8.081032947,0.771428571,0.371428571,0.4,9.158802134,4,80,2,146,2,193,7,170,6,231,2,99
LTR79_2020,52,0.924897076,3.008533808,0.761414385,0.057856419,4599,13.350819,0.803278689,0.655737705,0.147540984,11.84693786,15,1728,0,0,9,946,12,800,18,1694,6,356
LTR82_2010,31,0.948758915,3.118893341,0.908242563,0.100609463,476,20.30716724,NA,NA,NA,26.49538862,14,176,1,1,3,66,6,122,7,119,3,58
LTR82_2012,41,0.917059334,2.931327896,0.789355328,0.071495802,508,12.32561256,0.75862069,0.465517241,0.293103448,29.28185015,20,199,1,2,4,56,4,61,11,222,5,24
LTR82_2013,34,0.941222299,3.116532271,0.883781522,0.091662714,152,19.03150912,0.5,0.18,0.32,34,12,35,1,1,3,7,6,44,11,52,4,20
LTR82_2014,28,0.940200124,2.993092238,0.898231855,0.106896151,665,17.12800621,0.807692308,0.346153846,0.461538462,23.61056054,5,160,1,19,2,51,10,210,7,154,5,122
LTR82_2015,43,0.920309546,2.88398924,0.766773676,0.067069517,552,12.81719343,0.796610169,0.525423729,0.271186441,27.70777553,15,184,1,60,5,18,5,41,15,154,6,111
LTR82_2017,32,0.92169368,2.96265426,0.854841322,0.092582946,367,13.19469548,0.828125,0.328125,0.5,29.37736427,8,127,2,42,7,48,8,105,10,66,4,27
LTR82_2019,20,0.764629491,1.785739035,0.596094334,0.089286952,2217,4.254858182,0.790697674,0.255813953,0.534883721,12.60772807,3,589,1,149,3,448,5,95,8,531,3,853
LTR82_2020,29,0.863171525,2.485771013,0.738209869,0.085716242,814,7.365572968,0.804878049,0.512195122,0.292682927,21.16414895,5,108,2,37,4,190,11,229,7,207,4,233
LTR86_2010,16,0.817244883,2.071598544,0.747171237,0.129474909,83,5.787414966,NA,NA,NA,16,4,39,1,2,0,0,3,3,6,37,2,2
LTR86_2012,32,0.828885263,2.345166673,0.676672066,0.073286459,262,5.954545455,0.702702703,0.567567568,0.135135135,18.19070236,6,49,2,31,4,96,8,20,12,137,4,25
LTR86_2013,29,0.909328409,2.758946197,0.819335852,0.095136076,149,11.8304721,0.644444444,0.288888889,0.355555556,22.65342855,7,55,3,18,2,16,6,20,10,50,3,6
LTR86_2014,29,0.870177515,2.591906116,0.769729256,0.089376073,130,8.125,0.619047619,0.30952381,0.30952381,22.98650313,8,20,3,29,2,38,4,14,11,52,3,15
LTR86_2015,22,0.845788589,2.272651393,0.735237845,0.103302336,117,6.806419258,0.621621622,0.216216216,0.405405405,18.04976633,5,19,2,17,2,32,5,10,8,64,2,7
LTR86_2016,33,0.868967955,2.645838651,0.756708974,0.080176929,199,7.896192385,0.58974359,0.435897436,0.153846154,22.56242937,7,73,3,33,1,17,11,49,10,30,2,14
LTR86_2017,11,0.846141582,2.037163728,0.849563261,0.185196703,112,6.838283828,0.976744186,0.23255814,0.744186047,10.2222766,1,28,0,0,0,0,3,24,4,13,3,47
LTR86_2020,14,0.380154388,1.031573349,0.390887055,0.073683811,491,1.615326771,0.863636364,0.5,0.363636364,9.895219823,1,16,0,0,1,9,9,69,2,15,2,391
LTR88_2010,10,0.838971218,2.026327174,0.88002271,0.202632717,149,6.436660829,NA,NA,NA,9.400308465,5,47,1,21,1,44,0,0,3,57,1,24
LTR88_2012,19,0.824707579,2.120742177,0.720253397,0.111618009,158,5.880986249,0.925925926,0.62962963,0.296296296,13.71883146,6,58,3,42,3,33,0,0,8,45,2,13
LTR88_2013,14,0.775221367,2.032135886,0.770023396,0.145152563,166,4.54379562,0.862068966,0.344827586,0.517241379,12.58841274,7,39,2,78,0,0,2,20,1,9,2,20
LTR88_2014,17,0.918945313,2.639625377,0.931671942,0.155272081,256,12.91139241,0.652173913,0.391304348,0.260869565,15.47501805,6,94,1,29,1,5,3,44,3,20,4,69
LTR88_2015,12,0.830549822,1.982786486,0.797931981,0.165232207,73,6.33253012,0.884615385,0.346153846,0.538461538,11.50456621,3,16,2,30,2,2,0,0,5,6,2,21
LTR88_2016,11,0.670208,1.425965685,0.59467388,0.129633244,250,3.057165308,0.789473684,0.368421053,0.421052632,8.003621369,2,4,2,95,1,108,1,17,5,131,1,3
LTR88_2017,6,0.773645546,1.605938877,0.896291553,0.267656479,66,4.663043478,0.866666667,0.266666667,0.6,6,2,10,2,37,0,0,1,12,0,0,1,7
LTR88_2020,13,0.838702211,2.083650342,0.812355353,0.160280796,161,6.407960199,0.8125,0.625,0.1875,10.88473215,1,43,2,29,0,0,4,14,4,24,2,51
LTR92_2010,22,0.937142857,2.931322013,0.948327969,0.13324191,35,28.33333333,NA,NA,NA,22,8,10,2,3,2,5,3,3,8,15,1,4
LTR92_2012,22,0.698275862,1.84880178,0.598115946,0.084036445,116,3.382352941,0.842105263,0.421052632,0.421052632,10.43540722,10,15,3,84,1,1,0,0,5,9,4,8
LTR92_2013,19,0.798991808,1.985864577,0.674445825,0.104519188,138,5.123577236,0.828571429,0.371428571,0.457142857,9.478490133,5,6,1,3,3,34,3,45,9,81,1,3
LTR92_2014,13,0.624869927,1.597599404,0.622858069,0.122892262,62,2.74057971,0.933333333,0.366666667,0.566666667,9.702551784,2,4,1,4,0,0,3,8,7,46,0,0
LTR92_2015,30,0.921487603,2.967338091,0.872439249,0.09891127,66,15.54347826,0.837837838,0.648648649,0.189189189,19.43217729,5,17,1,1,2,3,4,8,17,36,3,4
LTR92_2016,25,0.878643664,2.460313378,0.764339326,0.098412535,164,8.623225806,0.804347826,0.347826087,0.456521739,12.29461556,9,35,0,0,2,41,3,11,10,92,3,26
LTR92_2017,24,0.936661882,2.924959406,0.92036182,0.121873309,169,17.31219512,0.934782609,0.456521739,0.47826087,16.51884936,12,80,1,10,2,12,2,12,7,44,2,23
LTR92_2020,31,0.913689986,2.822734078,0.821999009,0.091055938,675,11.77102199,0.9,0.52,0.38,15.16753017,5,121,2,155,6,192,5,71,17,278,2,50
