"estimate","se","pval","site_id","Response"
0.0072614655817737,0.0438080540028002,0.873792864791376,"LTR1","abundance"
0.0130541067622327,0.102050293054224,0.903199249828254,"LTR105","abundance"
0.0675017872107427,0.168495184537677,0.702578587150764,"LTR11","abundance"
0.132509860810519,0.0537591715624614,0.0487954074576008,"LTR127","abundance"
-0.0260079513929005,0.109432469173261,0.821574808624353,"LTR1282","abundance"
0.159766779897299,0.0544541248928608,0.0261517446344074,"LTR13","abundance"
-0.0701476650883922,0.0438009210097539,0.160382833164685,"LTR1301","abundance"
-0.00997716332494958,0.0907034175415518,0.916689812324877,"LTR1319","abundance"
-0.0867387541001689,0.0588671147667327,0.191056920314853,"LTR133","abundance"
-0.00815739369012553,0.0556375905424204,0.888236900775495,"LTR1348","abundance"
-0.00604486765959239,0.0350444378478596,0.868722497538663,"LTR137","abundance"
0.0107007452926554,0.0512165418557984,0.841414459829263,"LTR1438","abundance"
0.113525629324979,0.032904667507032,0.0136306956858232,"LTR1462","abundance"
-0.0272193859635695,0.0192325011450269,0.206733029575877,"LTR161","abundance"
0.0130796029313247,0.101662298071892,0.90183302226704,"LTR175","abundance"
-0.0378352126349189,0.0722885383901306,0.619461125450113,"LTR192","abundance"
0.0807821920985649,0.118333960895567,0.520291912419774,"LTR231","abundance"
-0.107872370126269,0.0241722226253316,0.00427084201757829,"LTR245","abundance"
0.046177744712148,0.024725140026262,0.111040983632094,"LTR26","abundance"
0.202508587359568,0.0319561882479453,0.000722684125535722,"LTR268","abundance"
-0.0565833848934114,0.0383879411040996,0.200486919171295,"LTR325","abundance"
-0.015133849055008,0.1285057345871,0.910836233381399,"LTR327","abundance"
0.0134779038767275,0.0454831418247635,0.77696936686923,"LTR33","abundance"
0.0775568174376944,0.080930566866586,0.374911143534564,"LTR387","abundance"
0.0960714973526037,0.159884509102994,0.56990672994758,"LTR40","abundance"
0.0386227697360319,0.0572406557193354,0.529773674740029,"LTR401","abundance"
-0.0854439142033687,0.0585363667971449,0.19467074142322,"LTR41","abundance"
-0.0203115069150342,0.0393414492504311,0.62412188241076,"LTR43","abundance"
-0.00756299443673797,0.0543704868357224,0.893921767058344,"LTR450","abundance"
0.0845098037320453,0.189209225192059,0.670798606964178,"LTR50","abundance"
0.0854018416810805,0.063526359903682,0.227430706925184,"LTR612","abundance"
-0.0131904898968932,0.0932389428834017,0.892129308595268,"LTR62","abundance"
-0.000148305048077231,0.0789510376959123,0.998562117360064,"LTR65","abundance"
-0.0273191112894235,0.0291189569114,0.384359595498624,"LTR70","abundance"
0.077073675429839,0.0478938047700948,0.15868428759806,"LTR78","abundance"
-0.0679714524837432,0.0481440529481062,0.207697471202949,"LTR787","abundance"
0.156774201324137,0.0408329055042891,0.00856481586975796,"LTR79","abundance"
0.0633048340981765,0.0576523569321453,0.322226679782489,"LTR82","abundance"
0.0557046829150346,0.0319893699742032,0.132263308644645,"LTR86","abundance"
-0.0196904266775683,0.0234312893532929,0.439038029061251,"LTR88","abundance"
0.114749036766958,0.03507835436975,0.0170082400340614,"LTR92","abundance"
0.0142844849912471,0.0973690916269064,0.888170436293781,"LTR1","annelid_abundance"
-0.0336740285886741,0.0370308894465235,0.404866630708951,"LTR105","annelid_abundance"
0.133471200968083,0.103939902090033,0.246453536410642,"LTR11","annelid_abundance"
0.0485976441517269,0.076778715983314,0.550108701222546,"LTR127","annelid_abundance"
-0.0875624903038442,0.128876543153641,0.527039485041821,"LTR1282","annelid_abundance"
0.107327846538054,0.0873164396406561,0.265018040012947,"LTR13","annelid_abundance"
-0.0104557847015638,0.0353266434202989,0.777226184335303,"LTR1301","annelid_abundance"
0.00508763575052197,0.0890952613102182,0.956674642180515,"LTR1319","annelid_abundance"
-0.138148557227116,0.0411726141461196,0.0153175269219341,"LTR133","annelid_abundance"
0.0208567813459718,0.0937925053515774,0.831400914094471,"LTR1348","annelid_abundance"
0.000280301079971808,0.0454400410143075,0.995278190192031,"LTR137","annelid_abundance"
0.0312568136457255,0.0756004932283605,0.693649557387944,"LTR1438","annelid_abundance"
0.0232364153802063,0.0342019436742653,0.522223141817262,"LTR1462","annelid_abundance"
0.00700822788549426,0.0464924586300776,0.885121674814566,"LTR161","annelid_abundance"
0.017005185996523,0.0932574410073915,0.861315619123011,"LTR175","annelid_abundance"
0.0987482119343192,0.0780406741678551,0.252665634663299,"LTR192","annelid_abundance"
-0.039753139462821,0.0583202361129337,0.520897406362608,"LTR231","annelid_abundance"
-0.14828161861688,0.0819726489329591,0.120455758268162,"LTR245","annelid_abundance"
0.0734226550440396,0.029634597759724,0.0479611146907394,"LTR26","annelid_abundance"
0.272526446146581,0.069819419834866,0.00795358292359859,"LTR268","annelid_abundance"
-0.0608117114902559,0.0457500927111474,0.241197317998238,"LTR325","annelid_abundance"
0.00340983012277894,0.104099059716749,0.975136823683484,"LTR327","annelid_abundance"
-0.0283751385720816,0.086219479600187,0.753261664016784,"LTR33","annelid_abundance"
0.172682969624412,0.100248570742711,0.135745690870036,"LTR387","annelid_abundance"
-0.00683898476454378,0.0512241016778475,0.89815467881799,"LTR40","annelid_abundance"
0.149717775781132,0.0565442536185284,0.0455468580576013,"LTR401","annelid_abundance"
-0.110273339142095,0.0587961230813636,0.10983499265485,"LTR41","annelid_abundance"
0.0406420048444758,0.0736952415352141,0.601218315205349,"LTR43","annelid_abundance"
0.0149344589592224,0.0312338077522685,0.649466177441832,"LTR450","annelid_abundance"
0.0241815705076842,0.0478235438310653,0.631142470137086,"LTR50","annelid_abundance"
0.107867220379919,0.145847137284323,0.487464728825312,"LTR612","annelid_abundance"
-0.118406949082556,0.0820909338772497,0.199288117597658,"LTR62","annelid_abundance"
0.0532676706507158,0.0562104373027636,0.379896249728772,"LTR65","annelid_abundance"
-0.0124308428552161,0.0681267485138947,0.86122574086035,"LTR70","annelid_abundance"
0.0394752422351615,0.09233212527429,0.683908007046319,"LTR78","annelid_abundance"
-0.0699884012635259,0.118049021698263,0.574913995252556,"LTR787","annelid_abundance"
0.149827113883662,0.0269459353191542,0.00143239749082936,"LTR79","annelid_abundance"
0.100201927012522,0.0955066046292268,0.342145413831813,"LTR82","annelid_abundance"
0.184978874261367,0.0494193655328887,0.00958800789754899,"LTR86","annelid_abundance"
0.0791208656107378,0.0468645694274419,0.152157042000274,"LTR88","annelid_abundance"
0.119494883042327,0.0676122875650575,0.127590232690548,"LTR92","annelid_abundance"
0.0333977959714206,0.0285078861652299,0.285798198957254,"LTR1","annelid_spp_richness"
0.00890092371699047,0.0355390780128739,0.812201678580424,"LTR105","annelid_spp_richness"
0.199999999977143,0.183362254225022,0.317242236629345,"LTR11","annelid_spp_richness"
0.0506560778647375,0.0562654676820799,0.402645411551483,"LTR127","annelid_spp_richness"
0.0688073995241349,0.0299603521081833,0.0700679636318601,"LTR1282","annelid_spp_richness"
0.126563858457179,0.060488846123337,0.0813334757361129,"LTR13","annelid_spp_richness"
-0.0608522019377258,0.038438704312723,0.164487935066671,"LTR1301","annelid_spp_richness"
0.0417150533652831,0.0863652431673483,0.649496956444195,"LTR1319","annelid_spp_richness"
-0.0149799177075768,0.125873718497647,0.909153922657985,"LTR133","annelid_spp_richness"
0.0718954734849562,0.104665146041108,0.517793961787937,"LTR1348","annelid_spp_richness"
0.0396671567503942,0.0332930573706372,0.278463088540814,"LTR137","annelid_spp_richness"
0.0317837245178993,0.0752881572339842,0.687616465847648,"LTR1438","annelid_spp_richness"
0.0832074915358388,0.0222509466529534,0.00962811090296569,"LTR1462","annelid_spp_richness"
0.0113864272311958,0.028733312803786,0.705607625707393,"LTR161","annelid_spp_richness"
0.014152546223677,0.0464472881095475,0.770886089191203,"LTR175","annelid_spp_richness"
0.079388271596384,0.0382754008515525,0.0834090832236651,"LTR192","annelid_spp_richness"
0.0453453363214407,0.0214327955966975,0.0787501296328508,"LTR231","annelid_spp_richness"
-0.029276700630494,0.0483543874437596,0.567053362209062,"LTR245","annelid_spp_richness"
0.0156817992087446,0.0645835929381647,0.816237155568905,"LTR26","annelid_spp_richness"
0.131300689096989,0.0713220375926143,0.115225493794603,"LTR268","annelid_spp_richness"
0.0103184436174691,0.0181307024340525,0.59389033664279,"LTR325","annelid_spp_richness"
0.0414511911266278,0.0416917580229993,0.365759948733528,"LTR327","annelid_spp_richness"
0.0397767965376721,0.0985080160209511,0.700362955734536,"LTR33","annelid_spp_richness"
0.0989692152387597,0.246498131704697,0.70196081753244,"LTR387","annelid_spp_richness"
-0.0411297701370598,0.0360954767643724,0.29794460731536,"LTR40","annelid_spp_richness"
-0.0144531133674186,0.0540485428312435,0.799833388005689,"LTR401","annelid_spp_richness"
-1.98367729296049e-12,0.13209529959209,0.999999999988505,"LTR41","annelid_spp_richness"
0.00187459452385136,0.0489540644649658,0.970696436861093,"LTR43","annelid_spp_richness"
0.0174526982942504,0.0359799554816411,0.644829814763286,"LTR450","annelid_spp_richness"
0.0680381292501931,0.0594798498023178,0.296246672064893,"LTR50","annelid_spp_richness"
0.0895524704833996,0.0857119571715186,0.336366871786275,"LTR612","annelid_spp_richness"
-0.0323102463096347,0.0425725016014285,0.476631245545019,"LTR62","annelid_spp_richness"
-0.0196839302818789,0.0750963691796102,0.801999113934686,"LTR65","annelid_spp_richness"
-0.0076632901158589,0.0364607877789574,0.840483589510087,"LTR70","annelid_spp_richness"
0.0187358875096999,0.0724204035984926,0.804505381364573,"LTR78","annelid_spp_richness"
-0.00767055507557146,0.0646256013268001,0.909393299450991,"LTR787","annelid_spp_richness"
0.0915858796793499,0.0533423393559708,0.136800537170602,"LTR79","annelid_spp_richness"
0.0140200682552234,0.0559269116593773,0.812032747590846,"LTR82","annelid_spp_richness"
-0.0162369707456605,0.0310175888103919,0.619405700356958,"LTR86","annelid_spp_richness"
0.0654721143062791,0.0486440299406584,0.236123981040928,"LTR88","annelid_spp_richness"
0.0356023640088477,0.0815845024432005,0.677821477383021,"LTR92","annelid_spp_richness"
-0.0217381762299454,0.0340207752087144,0.546447059381311,"LTR1","crustacea_abundance"
-0.0726532549099297,0.0898216320778946,0.455344251506404,"LTR105","crustacea_abundance"
-0.00478523320152437,0.0361987193808236,0.89915296608647,"LTR11","crustacea_abundance"
0.258703347592984,0.073126042404724,0.0122518694286196,"LTR127","crustacea_abundance"
0.031057707116034,0.170862787162544,0.862902631533087,"LTR1282","crustacea_abundance"
0.290617239523606,0.0353745120781169,0.000175518682215256,"LTR13","crustacea_abundance"
-0.0698970004224591,0.0570697733047457,0.266563019005359,"LTR1301","crustacea_abundance"
NA,NA,NA,"LTR1319","crustacea_abundance"
NA,NA,NA,"LTR133","crustacea_abundance"
-0.0320510492365967,0.029091013747223,0.312792226037665,"LTR1348","crustacea_abundance"
0.0173784957642474,0.0709500920759773,0.814665191220053,"LTR137","crustacea_abundance"
-0.0214080167542302,0.0291738685105503,0.490733999909006,"LTR1438","crustacea_abundance"
0.139782155604823,0.223418682186595,0.554580211997553,"LTR1462","crustacea_abundance"
-0.0348454644793921,0.240504611737804,0.889546221648459,"LTR161","crustacea_abundance"
0.106785565286652,0.0236617267584826,0.00404752659665845,"LTR175","crustacea_abundance"
0.0102157287701774,0.0720553851366504,0.891897559552147,"LTR192","crustacea_abundance"
0.11276295118095,0.0463966349967762,0.0511337638567988,"LTR231","crustacea_abundance"
-0.160923857965048,0.1454699522757,0.310995654767389,"LTR245","crustacea_abundance"
-0.00856003775202584,0.0312578829694596,0.793381700593191,"LTR26","crustacea_abundance"
0.145532271472266,0.0223547970097916,0.000626000479444572,"LTR268","crustacea_abundance"
-0.00966067171138431,0.0755088614118364,0.903182308555739,"LTR325","crustacea_abundance"
NA,NA,NA,"LTR327","crustacea_abundance"
0.0903089987036121,0.0586742218407346,0.174689236555653,"LTR33","crustacea_abundance"
0.187824179446156,0.112708201543592,0.146670504689874,"LTR387","crustacea_abundance"
0.07336037156294,0.0839745456999967,0.415925602156794,"LTR40","crustacea_abundance"
0.015833780253021,0.160280832928483,0.925145075840201,"LTR401","crustacea_abundance"
-0.0693213644792499,0.0786691429976304,0.412126007162119,"LTR41","crustacea_abundance"
0.0739636026403249,0.0763248162707099,0.369938271761315,"LTR43","crustacea_abundance"
-0.0104332140495854,0.0478691306475451,0.834689313894613,"LTR450","crustacea_abundance"
0.0948092166639426,0.0819465023988901,0.291263172046975,"LTR50","crustacea_abundance"
0.123664697828385,0.0946507801757927,0.239214063460269,"LTR612","crustacea_abundance"
-0.102644397487879,0.103114539321481,0.357957120482087,"LTR62","crustacea_abundance"
0.0330603793936252,0.0441199822201787,0.481993298821871,"LTR65","crustacea_abundance"
0.0361600362677905,0.0335846476184666,0.322996453475129,"LTR70","crustacea_abundance"
0.0501270374978634,0.0532339436394544,0.382728203855893,"LTR78","crustacea_abundance"
0.0260834590038097,0.111384003026266,0.822634430064954,"LTR787","crustacea_abundance"
-0.0184552433223934,0.0408105116472479,0.667001166112991,"LTR79","crustacea_abundance"
0.172328056163073,0.0930642106874253,0.123277204911586,"LTR82","crustacea_abundance"
-0.0625505280244589,0.149373871939924,0.689974134232375,"LTR86","crustacea_abundance"
-0.0199808439271735,0.0435673802561178,0.665753040722375,"LTR88","crustacea_abundance"
0.131916636437103,0.146096049097707,0.401350219033332,"LTR92","crustacea_abundance"
-0.0406392442136214,0.052645340067961,0.469450705686842,"LTR1","crustacea_spp_richness"
-0.0574160308124426,0.0593520514764693,0.377783610097466,"LTR105","crustacea_spp_richness"
0.0103528599127298,0.0339800235628325,0.770905203604828,"LTR11","crustacea_spp_richness"
0.205812474282446,0.0687188239644142,0.0241638428395862,"LTR127","crustacea_spp_richness"
0.0385499211963196,0.180636766872292,0.83943521449431,"LTR1282","crustacea_spp_richness"
0.105914491434496,0.0448151442644215,0.0560260703985686,"LTR13","crustacea_spp_richness"
-0.0999999999969845,0.0816490288014781,0.266566394485807,"LTR1301","crustacea_spp_richness"
NA,NA,NA,"LTR1319","crustacea_spp_richness"
NA,NA,NA,"LTR133","crustacea_spp_richness"
-0.0458546855967557,0.0416198313672635,0.312792217843858,"LTR1348","crustacea_spp_richness"
0.0895582214148448,0.0643453308941092,0.213376389177364,"LTR137","crustacea_spp_richness"
0.0477019104635978,0.0219995561597143,0.0732322175698284,"LTR1438","crustacea_spp_richness"
0.0697584960775484,0.159941652200576,0.677983907744895,"LTR1462","crustacea_spp_richness"
0.0414236458465803,0.124512552996165,0.750687265842537,"LTR161","crustacea_spp_richness"
0.138692223678416,0.0332971565276243,0.00590947434921752,"LTR175","crustacea_spp_richness"
0.0821586553744557,0.0843513892624282,0.367670101132591,"LTR192","crustacea_spp_richness"
0.162228402658297,0.0684999899390688,0.0556498380126895,"LTR231","crustacea_spp_richness"
-0.0454258504074202,0.0648886211040681,0.510109184016508,"LTR245","crustacea_spp_richness"
0.00217406305775267,0.0683306559886661,0.975650125974498,"LTR26","crustacea_spp_richness"
0.035982983781936,0.0246264244255305,0.194279726936755,"LTR268","crustacea_spp_richness"
0.0499595050485137,0.0710872900991347,0.513549954418246,"LTR325","crustacea_spp_richness"
NA,NA,NA,"LTR327","crustacea_spp_richness"
0.114712803587638,0.0484368075315867,0.0556498385641372,"LTR33","crustacea_spp_richness"
0.0999999998270424,0.17700786457015,0.592588911516712,"LTR387","crustacea_spp_richness"
0.10078767423673,0.0292206644711452,0.0136464815219501,"LTR40","crustacea_spp_richness"
0.0500403719911829,0.11774017924751,0.688501549228281,"LTR401","crustacea_spp_richness"
-0.0544839672372207,0.0618309697897407,0.412126025996228,"LTR41","crustacea_spp_richness"
0.079130786766854,0.177529405052547,0.671422684561123,"LTR43","crustacea_spp_richness"
-0.00340451483097695,0.0143316511263958,0.820132227148266,"LTR450","crustacea_spp_richness"
0.143746389957049,0.062191928581605,0.0601586905133725,"LTR50","crustacea_spp_richness"
0.102653787587837,0.0443810269152789,0.0600207692291229,"LTR612","crustacea_spp_richness"
-0.0490715952996336,0.0848184119821351,0.583941320181469,"LTR62","crustacea_spp_richness"
0.0774040500292566,0.0759857869754526,0.347665445748316,"LTR65","crustacea_spp_richness"
-0.0010931676530927,0.0537937256521323,0.984445862841284,"LTR70","crustacea_spp_richness"
0.0494738810621742,0.0623358435892322,0.457619601050982,"LTR78","crustacea_spp_richness"
0.0434036840794488,0.0596934768564661,0.494539514309821,"LTR787","crustacea_spp_richness"
-0.0314727069897134,0.0229133069536138,0.218691286890567,"LTR79","crustacea_spp_richness"
0.0121666634067048,0.0120791774963242,0.360046830367024,"LTR82","crustacea_spp_richness"
-0.123582768980701,0.120006622985598,0.342816158924988,"LTR86","crustacea_spp_richness"
0.0240397092742501,0.0430774587308471,0.600868511826184,"LTR88","crustacea_spp_richness"
-0.028509225116662,0.0746972379666648,0.715861652783125,"LTR92","crustacea_spp_richness"
-0.00602964731430345,0.0494662021295486,0.906962796648457,"LTR1","diptera_abundance"
-0.0604585778854808,0.094722017285214,0.551378885513854,"LTR105","diptera_abundance"
0.0988577825414612,0.0943350546907162,0.335031742896734,"LTR11","diptera_abundance"
0.21961756009228,0.0412786638862594,0.00179455568702689,"LTR127","diptera_abundance"
0.0132050148681953,0.0552330527668791,0.820535581535524,"LTR1282","diptera_abundance"
0.086479927338246,0.108756784016472,0.456809726416251,"LTR13","diptera_abundance"
-0.033274440884448,0.0808803101293786,0.695068155360247,"LTR1301","diptera_abundance"
0.0870700588120077,0.213212362080489,0.699901099535036,"LTR1319","diptera_abundance"
0.0706007671962108,0.137117194273652,0.625038787046216,"LTR133","diptera_abundance"
0.0518733627939026,0.0540793233777695,0.374494805474514,"LTR1348","diptera_abundance"
0.0411959713898578,0.0689227055529435,0.571885230002209,"LTR137","diptera_abundance"
0.0785954232162425,0.0638129820843356,0.264157808415467,"LTR1438","diptera_abundance"
0.106438607280592,0.0466802015876605,0.0627854364729098,"LTR1462","diptera_abundance"
0.0722035307572998,0.135680807531656,0.613736669734908,"LTR161","diptera_abundance"
0.0201017424507778,0.058337467788868,0.742169177169333,"LTR175","diptera_abundance"
-0.0618053106123203,0.0692818030246024,0.406698571019101,"LTR192","diptera_abundance"
0.153147891663701,0.174341249593135,0.413496899845123,"LTR231","diptera_abundance"
-0.129234939406521,0.044026075461751,0.0261025782449279,"LTR245","diptera_abundance"
0.0274996485869055,0.0387382437370518,0.504416829355077,"LTR26","diptera_abundance"
0.433717624051771,0.070692960242862,0.000857807949351828,"LTR268","diptera_abundance"
-0.0363040460350513,0.0573285466628273,0.554391784667529,"LTR325","diptera_abundance"
0.0545366824378506,0.214638843780028,0.809547430317339,"LTR327","diptera_abundance"
0.114164587542159,0.0749303412338858,0.178440492387762,"LTR33","diptera_abundance"
0.0135493547765438,0.107647843040297,0.903948581160922,"LTR387","diptera_abundance"
0.15682017220373,0.206329776594749,0.47602067955382,"LTR40","diptera_abundance"
-0.0865319446458842,0.027457165267518,0.0253354343948292,"LTR401","diptera_abundance"
-0.122423465818489,0.0338923210336897,0.0112023040057657,"LTR41","diptera_abundance"
-0.100800120883842,0.0966865660128337,0.337332554641079,"LTR43","diptera_abundance"
-0.171282393346716,0.0928723836564583,0.114696296990892,"LTR450","diptera_abundance"
0.181291335558274,0.165585223718122,0.315573462451836,"LTR50","diptera_abundance"
0.177846902701989,0.0839650995688254,0.0784886849063977,"LTR612","diptera_abundance"
0.0954242509236029,0.268548509011521,0.734497657211955,"LTR62","diptera_abundance"
0.0140398504264188,0.139634698912206,0.92318568693783,"LTR65","diptera_abundance"
-0.0198335310548949,0.0481501460706491,0.694716379419233,"LTR70","diptera_abundance"
0.157203996353291,0.0859404696273007,0.117114697270233,"LTR78","diptera_abundance"
-0.100272707398624,0.0475955373767829,0.0797283115016188,"LTR787","diptera_abundance"
0.134876753698579,0.0840250622383404,0.159573010801477,"LTR79","diptera_abundance"
0.0810560143865316,0.162977675145334,0.640041911832769,"LTR82","diptera_abundance"
0.0592652986461748,0.161337045834466,0.725975190595825,"LTR86","diptera_abundance"
-0.197504834810912,0.0897349493666734,0.0789963408685823,"LTR88","diptera_abundance"
0.1518100226053,0.0715433202424999,0.0780747963376496,"LTR92","diptera_abundance"
0.00691018156809968,0.0440628462841558,0.880526339028047,"LTR1","diptera_spp_richness"
-0.0573098700545139,0.0881331257282098,0.544212261120703,"LTR105","diptera_spp_richness"
0.0999999999750374,0.179019514813561,0.596650217499049,"LTR11","diptera_spp_richness"
0.0699641558990238,0.0107516557153664,0.000627453514910428,"LTR127","diptera_spp_richness"
-0.0379062138174353,0.0559931917413773,0.52846810085612,"LTR1282","diptera_spp_richness"
-0.00102348926267248,0.102896229636162,0.992386206016233,"LTR13","diptera_spp_richness"
-0.0546824506467622,0.047393179264141,0.292460835386089,"LTR1301","diptera_spp_richness"
0.121612586948542,0.096327052215704,0.262449843681327,"LTR1319","diptera_spp_richness"
0.00290927438062805,0.118890801526464,0.981271132680069,"LTR133","diptera_spp_richness"
-0.0106448459542612,0.0470528994422696,0.828531365236374,"LTR1348","diptera_spp_richness"
0.015215916937,0.0533670242460081,0.785139562786237,"LTR137","diptera_spp_richness"
0.110236274404495,0.102122944911932,0.321858312924103,"LTR1438","diptera_spp_richness"
0.0616777417878565,0.14183559687624,0.678873501658182,"LTR1462","diptera_spp_richness"
-0.089812088123016,0.0403333090024946,0.0675676163563558,"LTR161","diptera_spp_richness"
0.0534752584309105,0.0321243498027614,0.147041135161433,"LTR175","diptera_spp_richness"
-0.0170433368723956,0.0925657497990948,0.859983405468533,"LTR192","diptera_spp_richness"
0.199999994836868,0.196415839772283,0.347848145717661,"LTR231","diptera_spp_richness"
-0.0408238479710933,0.0811224106087841,0.632733628112819,"LTR245","diptera_spp_richness"
0.0103796804365102,0.0426987347254881,0.816032208319289,"LTR26","diptera_spp_richness"
0.379276775746774,0.0642077166333769,0.00104673230450706,"LTR268","diptera_spp_richness"
0.0330896006496094,0.0789655254826385,0.692581021811915,"LTR325","diptera_spp_richness"
0.0579704139730603,0.0832552580776677,0.517275549746478,"LTR327","diptera_spp_richness"
0.153871506769298,0.0715140533667798,0.0749378841227622,"LTR33","diptera_spp_richness"
0.0467298437203681,0.119596725514679,0.709494327959801,"LTR387","diptera_spp_richness"
0.120005407483198,0.107376970047919,0.30647657243764,"LTR40","diptera_spp_richness"
-0.10498797465677,0.0849363442028657,0.271328273175325,"LTR401","diptera_spp_richness"
-0.101809333080597,0.0391477414484431,0.0406271550701644,"LTR41","diptera_spp_richness"
-0.11619579684889,0.117276813163141,0.36005035336002,"LTR43","diptera_spp_richness"
-0.100600941050098,0.0528455271308145,0.105629577695435,"LTR450","diptera_spp_richness"
0.0999999999918215,0.111290335902452,0.403507946537785,"LTR50","diptera_spp_richness"
0.133487388052082,0.0599763038911329,0.0676679638510593,"LTR612","diptera_spp_richness"
0.100000000001793,0.241179446548669,0.692829860084131,"LTR62","diptera_spp_richness"
-0.0165575808794202,0.141668177847935,0.91077250445837,"LTR65","diptera_spp_richness"
-0.02804356859347,0.0507652217380057,0.600620093918067,"LTR70","diptera_spp_richness"
0.133365000619612,0.0241678928650205,0.00148931445340013,"LTR78","diptera_spp_richness"
-0.041509491819126,0.0123512160537628,0.0152152856164184,"LTR787","diptera_spp_richness"
0.103209841639675,0.0612490382279288,0.142952096518631,"LTR79","diptera_spp_richness"
-0.010741742587467,0.0908792680088447,0.910512441885812,"LTR82","diptera_spp_richness"
0.0928736783558181,0.207665911042679,0.670403382157565,"LTR86","diptera_spp_richness"
-0.0817449280790885,0.103817028370859,0.466717981499566,"LTR88","diptera_spp_richness"
0.101769813353558,0.0734437853418249,0.215152281928532,"LTR92","diptera_spp_richness"
-0.00123505667929095,0.00168671318851094,0.491630434191583,"LTR1","E10"
-0.00581512003366018,0.00492619464689061,0.290914220668544,"LTR105","E10"
-0.011463770794965,0.0101386183540181,0.301341995825711,"LTR11","E10"
-0.00924311988270772,0.0047196617181683,0.0979082230658159,"LTR127","E10"
0.00295357655923003,0.0103400744085356,0.786606437702987,"LTR1282","E10"
-0.00852731202875441,0.00295731296621592,0.0279309231393317,"LTR13","E10"
0.00386431900109665,0.00225013352115048,0.136719696387106,"LTR1301","E10"
-0.0069430025169622,0.00809834263841568,0.430425633226844,"LTR1319","E10"
-0.000164001318308085,0.00782598674197661,0.983960279530668,"LTR133","E10"
0.000351916266941311,0.00257862358945063,0.895910256585288,"LTR1348","E10"
-0.0053437515250864,0.00332977096910632,0.159651096759009,"LTR137","E10"
0.000939636822778291,0.00344642123499456,0.794269272376101,"LTR1438","E10"
-0.00768723608866076,0.00244246557399184,0.0198820728764265,"LTR1462","E10"
-0.000485577580632011,0.00136504478152329,0.734220534756157,"LTR161","E10"
0.00264187299393016,0.0042177006655929,0.554134632974619,"LTR175","E10"
0.00237529876743425,0.0051314018395487,0.659752934130574,"LTR192","E10"
-0.0149938096446009,0.0110220386667504,0.222605581273446,"LTR231","E10"
0.00299417312469538,0.00407211094544084,0.48989603717063,"LTR245","E10"
-0.00630045410073124,0.00346512802365934,0.118908968627828,"LTR26","E10"
-0.00878501242714477,0.00347549929951249,0.0448187559825739,"LTR268","E10"
-0.00410239386368735,0.0048297803786957,0.434434950129942,"LTR325","E10"
-0.00455574367315288,0.0040831318225606,0.315262569268473,"LTR327","E10"
-0.0106711102825001,0.00404000310234848,0.0384703058050579,"LTR33","E10"
-0.000414321892336897,0.00558634996305908,0.943288491294529,"LTR387","E10"
-0.00292677339216072,0.0075531164073903,0.711764675257313,"LTR40","E10"
-0.00966623490217594,0.00210338015390688,0.00586385076864656,"LTR401","E10"
0.00299925148888995,0.0082215539552799,0.727771250722557,"LTR41","E10"
0.00143052173333397,0.00261414370649336,0.603966934746777,"LTR43","E10"
-0.00100439310889383,0.00262382307649603,0.715063811401681,"LTR450","E10"
-0.0117735845684987,0.00418009669995397,0.0304909339114005,"LTR50","E10"
-0.00288876089827056,0.00700226890577463,0.694274658044509,"LTR612","E10"
-0.000573782744198221,0.00466897486798432,0.906205214855666,"LTR62","E10"
0.00289832339377225,0.00521205250594822,0.59826509070861,"LTR65","E10"
0.00286079112793061,0.00242769380715042,0.283250632715406,"LTR70","E10"
-0.000993354026739426,0.00429311552216901,0.824706125725302,"LTR78","E10"
0.00335021828207396,0.00262281721393607,0.248682028244895,"LTR787","E10"
-0.00517990217968557,0.00212463476644845,0.0506076751316196,"LTR79","E10"
-0.000168479335072214,0.0018749083109906,0.931887020220877,"LTR82","E10"
0.00451861822976375,0.00417085927897779,0.320244624919979,"LTR86","E10"
-0.00166991417954769,0.00785520801871255,0.840044365568522,"LTR88","E10"
-0.00202899000535345,0.0021826672626203,0.388452422598961,"LTR92","E10"
-0.048195980334905,0.0383720421836353,0.255801700193716,"LTR1","ept_abundance"
0.0351925707053142,0.0546990182926857,0.548316109354146,"LTR105","ept_abundance"
0.054786235076565,0.0642429628611487,0.426497689493328,"LTR11","ept_abundance"
0.285216530717049,0.125215366760343,0.0629889645803494,"LTR127","ept_abundance"
-0.158072844499057,0.0961135022896122,0.160962479487694,"LTR1282","ept_abundance"
0.048137971625388,0.147320063428056,0.754949067625494,"LTR13","ept_abundance"
-0.119795155803057,0.0559749261176526,0.0761338174277597,"LTR1301","ept_abundance"
-0.0181278644825205,0.0669651436725963,0.797436557841019,"LTR1319","ept_abundance"
-0.152955165699544,0.055169981622235,0.0323183346102853,"LTR133","ept_abundance"
-0.0567481287922126,0.0622243777067242,0.396935020400008,"LTR1348","ept_abundance"
-0.00750819314612891,0.0433936108291663,0.868320916435388,"LTR137","ept_abundance"
0.0163066903221539,0.0507336226425426,0.758795709104589,"LTR1438","ept_abundance"
0.188915660815036,0.073224455022016,0.0417720874950348,"LTR1462","ept_abundance"
-0.0112593126962475,0.0216469324215442,0.621595782054648,"LTR161","ept_abundance"
-0.00779790294835022,0.0450637026385002,0.868308536254593,"LTR175","ept_abundance"
-0.0583971880570285,0.0769456367755682,0.476634313333605,"LTR192","ept_abundance"
0.134923978440146,0.105405670092817,0.247789908527068,"LTR231","ept_abundance"
-0.0648931827611643,0.0414654938467064,0.168621230525126,"LTR245","ept_abundance"
0.0100319184776223,0.0126927989419613,0.459405173122199,"LTR26","ept_abundance"
0.20137545047512,0.0658441347845667,0.0222716187311589,"LTR268","ept_abundance"
-0.0789455982010365,0.0371853417935046,0.0871702791732572,"LTR325","ept_abundance"
0.329540928941676,0.032218428469152,0.000153390852689857,"LTR327","ept_abundance"
0.12425317951189,0.11656390501389,0.327442284205252,"LTR33","ept_abundance"
0.0669373910779015,0.0520043663882703,0.24546365859856,"LTR387","ept_abundance"
0.116801250260265,0.103469385967399,0.302064942489597,"LTR40","ept_abundance"
-0.0624200006430629,0.0633337647826565,0.369602241385711,"LTR401","ept_abundance"
-0.0823134398211858,0.0711115953107651,0.2910513651144,"LTR41","ept_abundance"
-0.0549202246473304,0.0379290409803111,0.197785134118704,"LTR43","ept_abundance"
-0.135883187433265,0.0935347942649323,0.196506481629899,"LTR450","ept_abundance"
0.0291739364988166,0.0913664410227887,0.760318404465864,"LTR50","ept_abundance"
0.0967977441257914,0.0452526208603742,0.0762500413583036,"LTR612","ept_abundance"
-0.0837856132500959,0.125482550367211,0.529151462056173,"LTR62","ept_abundance"
-0.010173620088921,0.0646893316817157,0.880191832108407,"LTR65","ept_abundance"
-0.10476687165014,0.0227410602975184,0.00366518178870838,"LTR70","ept_abundance"
0.100324178808009,0.0745014788357473,0.226745197157927,"LTR78","ept_abundance"
-0.126901250498934,0.0775970214302693,0.153084512549316,"LTR787","ept_abundance"
0.193085632407422,0.0297559841454929,0.000636981210799019,"LTR79","ept_abundance"
0.0642253229942877,0.027043016766166,0.0635628646353895,"LTR82","ept_abundance"
-0.031834238060392,0.0195758630919203,0.155032279943794,"LTR86","ept_abundance"
0.0452002943927631,0.0310018666228556,0.20464319526721,"LTR88","ept_abundance"
0.112663479999034,0.0560527543161769,0.091160274813899,"LTR92","ept_abundance"
-0.0511813074262919,0.0878066125629593,0.581199236728794,"LTR1","ept_spp_richness"
0.0944845070972571,0.297679825262034,0.763764080382311,"LTR105","ept_spp_richness"
0.0967179020461488,0.0701813211265568,0.217354795090286,"LTR11","ept_spp_richness"
0.169038528315621,0.101829431834719,0.147979673505608,"LTR127","ept_spp_richness"
-0.326511008468635,0.205364444314399,0.172725605968095,"LTR1282","ept_spp_richness"
0.0890002344804218,0.169353001077335,0.618061323343324,"LTR13","ept_spp_richness"
-0.113136014673913,0.0719557150816923,0.166941058026991,"LTR1301","ept_spp_richness"
0.0285606975462543,0.251071192599144,0.913858222136786,"LTR1319","ept_spp_richness"
-0.0963368831935263,0.174828471158023,0.601508668443213,"LTR133","ept_spp_richness"
-0.12148150719255,0.0705689135410768,0.135950050688922,"LTR1348","ept_spp_richness"
-0.00616433895231544,0.0906541237747927,0.947996285828131,"LTR137","ept_spp_richness"
0.0559201633884947,0.0716322908356195,0.464680244451509,"LTR1438","ept_spp_richness"
0.235120996184095,0.106356469027802,0.0690777961391684,"LTR1462","ept_spp_richness"
0.144102125881935,0.0820727372176354,0.129648902834,"LTR161","ept_spp_richness"
-0.0354285078591939,0.11362471538278,0.765740951332983,"LTR175","ept_spp_richness"
-0.279583152255242,0.184251112061793,0.179958822214991,"LTR192","ept_spp_richness"
0.122382122370375,0.104460489247858,0.285785011528343,"LTR231","ept_spp_richness"
-0.0279007851714176,0.195750309103779,0.891325290279179,"LTR245","ept_spp_richness"
0.0680759090446247,0.0951979100711037,0.501412616713736,"LTR26","ept_spp_richness"
0.142692089889699,0.0672879388344772,0.0782164958135986,"LTR268","ept_spp_richness"
-0.065286682339886,0.100490233303333,0.544559244162616,"LTR325","ept_spp_richness"
-0.00877675069288516,0.0851940951451382,0.921950947957314,"LTR327","ept_spp_richness"
0.244948974456809,0.456597482869999,0.61093379170021,"LTR33","ept_spp_richness"
-0.0855609016076603,0.0893252468081146,0.375122781687241,"LTR387","ept_spp_richness"
0.141421356183319,0.262775752712654,0.609818977090635,"LTR40","ept_spp_richness"
-0.0798885216567695,0.119914131187987,0.53477522410919,"LTR401","ept_spp_richness"
-0.0708169156191306,0.166919903848845,0.686169104219772,"LTR41","ept_spp_richness"
-0.147297842676404,0.0826522389310607,0.125005823565092,"LTR43","ept_spp_richness"
-0.140786122091704,0.118688349783836,0.280387607556987,"LTR450","ept_spp_richness"
0.0186082899956589,0.0991223943986358,0.857275821280964,"LTR50","ept_spp_richness"
0.0923403182727762,0.0256130041821518,0.0112956236180333,"LTR612","ept_spp_richness"
-0.0848612929678422,0.483663281419434,0.866493405804244,"LTR62","ept_spp_richness"
-0.0775043384357974,0.0765826562671225,0.350578874250677,"LTR65","ept_spp_richness"
-0.13198515181162,0.11879981552283,0.309100296710486,"LTR70","ept_spp_richness"
0.108177473693634,0.0606184562216711,0.124587126078618,"LTR78","ept_spp_richness"
-0.285052487800485,0.33475607471888,0.427151721597057,"LTR787","ept_spp_richness"
0.217758816253338,0.0337240972854965,0.000653966841437198,"LTR79","ept_spp_richness"
-0.258218385960358,0.0812824212906686,0.0246262553467028,"LTR82","ept_spp_richness"
-0.130771317037113,0.103787920728858,0.254463115889127,"LTR86","ept_spp_richness"
-0.120609353496111,0.0682287169046264,0.137350210963337,"LTR88","ept_spp_richness"
-0.0350356993835187,0.115115619239278,0.771139255046649,"LTR92","ept_spp_richness"
-0.0641815813413364,0.052214166644215,0.273684530315313,"LTR1","F_turnover"
-0.000444549965261904,0.0139478502482261,0.976100838091869,"LTR105","F_turnover"
-0.0755659529144307,0.0972643000669924,0.472346112165047,"LTR11","F_turnover"
-0.00291818724424582,0.0862423586610552,0.974316337793548,"LTR127","F_turnover"
0.000512437111863041,0.127015245350028,0.996974170072366,"LTR1282","F_turnover"
-0.0877341187614082,0.0382493154220193,0.0703197149252589,"LTR13","F_turnover"
-0.0782387008441625,0.0451703382616118,0.143805146126659,"LTR1301","F_turnover"
0.00980588273935255,0.0676876421336991,0.891820249083316,"LTR1319","F_turnover"
0.0657238641379106,0.0544832266385182,0.281655587864525,"LTR133","F_turnover"
-0.0264849013003668,0.0735446834029348,0.733469528012989,"LTR1348","F_turnover"
0.0438351650859126,0.0857634281960089,0.63103105042156,"LTR137","F_turnover"
0.074832390053457,0.0239178586444315,0.0259948300154416,"LTR1438","F_turnover"
-0.0307825500309026,0.0310771059696913,0.367401574524239,"LTR1462","F_turnover"
0.062358124500463,0.0217629840021032,0.0351863019681961,"LTR161","F_turnover"
0.0660577771751924,0.0722175842002301,0.402304264196348,"LTR175","F_turnover"
-0.0537999747561884,0.0152408316665826,0.016739953451775,"LTR192","F_turnover"
0.0186689912302156,0.0345814188742275,0.61246214206349,"LTR231","F_turnover"
0.0863675484474357,0.0723510691685202,0.286127176598231,"LTR245","F_turnover"
-0.0491980604527861,0.0204033369973135,0.0607683016416915,"LTR26","F_turnover"
-0.129204987871142,0.0577517409309149,0.0754748864961424,"LTR268","F_turnover"
-0.0113965632702304,0.0486454213699971,0.82627196479042,"LTR325","F_turnover"
-0.00258252264137386,0.0384102526854237,0.949621003040152,"LTR327","F_turnover"
-0.0361094116625693,0.160796621848947,0.831205711195747,"LTR33","F_turnover"
0.0783933853880054,0.0323145615458642,0.059678147027918,"LTR387","F_turnover"
-0.039664242973754,0.21385129354335,0.86014519363604,"LTR40","F_turnover"
-0.0376135253616602,0.0344747941548759,0.336569199262678,"LTR401","F_turnover"
0.013923044680378,0.120978941383335,0.912855500329845,"LTR41","F_turnover"
0.0235736854579607,0.0269759630510755,0.422165213860635,"LTR43","F_turnover"
-0.010273361545156,0.0561559734732192,0.862029259043877,"LTR450","F_turnover"
-0.0959359907741193,0.070720844605883,0.232960521690051,"LTR50","F_turnover"
-0.0317520725969179,0.110843612858213,0.786017341617476,"LTR612","F_turnover"
-0.0109024379328498,0.0827530800853101,0.90032199494525,"LTR62","F_turnover"
0.0170932231650692,0.0805604083334753,0.840345837162923,"LTR65","F_turnover"
0.0237271162853523,0.0380053743262146,0.559801825906268,"LTR70","F_turnover"
0.0490677471515642,0.0245678508232141,0.102300222236113,"LTR78","F_turnover"
-0.0564325337260518,0.0218383886967704,0.0491872251105704,"LTR787","F_turnover"
-0.121758221981956,0.0616813262068603,0.105385061282105,"LTR79","F_turnover"
-0.0616449024643981,0.0643902620811555,0.392598119216559,"LTR82","F_turnover"
0.0426815732907913,0.0207938252880798,0.0953258111537921,"LTR86","F_turnover"
0.00820009241203502,0.0604547569861244,0.898657940605783,"LTR88","F_turnover"
-0.129358953196119,0.0871162379499958,0.197699373829922,"LTR92","F_turnover"
0.0862981401858067,0.06486849836841,0.231730260371979,"LTR1","FDis.SES"
-0.1203265340427,0.0724503407891798,0.157642800622916,"LTR105","FDis.SES"
-0.198189552732861,0.0954286747297367,0.0830979210897013,"LTR11","FDis.SES"
-0.161315079177352,0.082883756220783,0.0995710336251186,"LTR127","FDis.SES"
0.215228688928205,0.114927986345047,0.119992482166598,"LTR1282","FDis.SES"
-0.23095973059829,0.108636351087911,0.0776383048176415,"LTR13","FDis.SES"
0.110540481011931,0.0903275053788058,0.266910113383434,"LTR1301","FDis.SES"
0.0829831066348374,0.0854935129473314,0.376308700569073,"LTR1319","FDis.SES"
-0.160701300863858,0.0544703597948196,0.0256045805808479,"LTR133","FDis.SES"
0.01333009281017,0.09463596685874,0.892593299958856,"LTR1348","FDis.SES"
-0.00799136462241017,0.134329198625334,0.954493080712634,"LTR137","FDis.SES"
-0.107074439362128,0.145832571619649,0.490495716558071,"LTR1438","FDis.SES"
0.0296940907136207,0.0341061838809202,0.417420693329406,"LTR1462","FDis.SES"
-0.0120962524434179,0.0867575916885669,0.893675959975273,"LTR161","FDis.SES"
0.038604829130079,0.197371767579645,0.851383412151696,"LTR175","FDis.SES"
0.182097374594069,0.123976382048398,0.192270708172899,"LTR192","FDis.SES"
0.186367459224697,0.270135726067124,0.516037769616421,"LTR231","FDis.SES"
-0.222428521415384,0.0732888394820139,0.0229511318560855,"LTR245","FDis.SES"
0.0726972231332115,0.120844634620411,0.569473018154503,"LTR26","FDis.SES"
-0.0774389293082112,0.191914893755247,0.700562190719386,"LTR268","FDis.SES"
0.0760689584961203,0.128615404100441,0.579947593124549,"LTR325","FDis.SES"
0.189438421720742,0.253168325596975,0.487978484782123,"LTR327","FDis.SES"
-0.258535415936051,0.208476813823409,0.261228675888241,"LTR33","FDis.SES"
0.069055435585406,0.0607688379982047,0.299145525709078,"LTR387","FDis.SES"
-0.0669725679174654,0.166206464134744,0.700951567464789,"LTR40","FDis.SES"
0.325401581120647,0.26655520979633,0.27659774164953,"LTR401","FDis.SES"
-0.127146389920474,0.13155170754883,0.371113556928776,"LTR41","FDis.SES"
0.290089198897433,0.111544870534732,0.0406268044940142,"LTR43","FDis.SES"
0.180052346870075,0.084578604798416,0.0773356627546696,"LTR450","FDis.SES"
0.0871134646786745,0.197711218167076,0.674926631474572,"LTR50","FDis.SES"
-0.0570542557159653,0.138680079885289,0.695064206749278,"LTR612","FDis.SES"
-0.207400528851761,0.0597177878761917,0.0132550068649288,"LTR62","FDis.SES"
0.178205343481002,0.141560011682648,0.254839691746405,"LTR65","FDis.SES"
0.166995814085541,0.141674537480073,0.283128818562675,"LTR70","FDis.SES"
-0.123712761812054,0.110559915431356,0.305940969527028,"LTR78","FDis.SES"
0.132227254587867,0.271737251597699,0.643804991918047,"LTR787","FDis.SES"
-0.0795098305327682,0.361732303314235,0.833312005248883,"LTR79","FDis.SES"
0.195214058453036,0.143736376004393,0.232488066613171,"LTR82","FDis.SES"
0.142521453837544,0.262112582872881,0.606217235872697,"LTR86","FDis.SES"
-0.0154992318880628,0.105023666889366,0.888441962817291,"LTR88","FDis.SES"
0.113537802634492,0.0595595591013812,0.105247899288485,"LTR92","FDis.SES"
0.000339810844089617,0.000261114486588462,0.240860289394161,"LTR1","FDis"
-0.000712615629401679,0.000697684364674167,0.353915025962299,"LTR105","FDis"
-0.000594805489488254,0.000307396167248995,0.101143397538629,"LTR11","FDis"
-0.000109184192308569,0.000457717398937684,0.819400090772427,"LTR127","FDis"
0.000669954116965253,0.000238975673993968,0.0378397225375383,"LTR1282","FDis"
-0.000888101974857729,0.000773691897893315,0.294718752538891,"LTR13","FDis"
0.00109020764820876,0.00100254334519167,0.318583754351014,"LTR1301","FDis"
0.000484949880887661,0.000173110123990741,0.0379311295390996,"LTR1319","FDis"
-6.49845826553629e-05,0.000403681995568941,0.877392949222424,"LTR133","FDis"
6.59105147522815e-05,9.89506489190889e-05,0.530112460491107,"LTR1348","FDis"
-0.000254827538596823,0.000406616494584147,0.553935427576624,"LTR137","FDis"
-0.000132128309989892,0.000227890573604864,0.583156993203859,"LTR1438","FDis"
0.000533173155275848,0.000258267442923484,0.0845374099495301,"LTR1462","FDis"
-0.000121585190827264,0.000344329725017024,0.736082888429762,"LTR161","FDis"
0.000298847564218577,0.000377442107859364,0.458643782699427,"LTR175","FDis"
0.000493624794438375,0.000507458071384101,0.368249604388983,"LTR192","FDis"
0.000884745053696377,0.000887011833815566,0.357059632383705,"LTR231","FDis"
-0.000935289024160674,0.000260547799955857,0.0115080022470526,"LTR245","FDis"
-0.000298061428351977,0.000251675181271554,0.281074260120778,"LTR26","FDis"
0.000122694338512812,0.00117840131576846,0.92046784479979,"LTR268","FDis"
9.09237985845723e-05,0.000262622810782599,0.743274443136192,"LTR325","FDis"
0.00062438174117437,0.000814255069937922,0.47781651033997,"LTR327","FDis"
-0.00043307610252425,0.000623274589338827,0.513150111708063,"LTR33","FDis"
7.18003526105936e-05,0.000126508105429665,0.590924670021035,"LTR387","FDis"
0.000212660231884811,0.000836293755137253,0.807762876913783,"LTR40","FDis"
-0.00103380352958364,0.000585945668187286,0.137950986430374,"LTR401","FDis"
-0.000110578262651635,0.000181648959904638,0.565011795559203,"LTR41","FDis"
0.000567455684611162,0.00032143816733863,0.127941974625918,"LTR43","FDis"
0.000788056547477914,0.000455205466891833,0.134130270957778,"LTR450","FDis"
0.000732546788055347,0.000492235654675021,0.187265310777333,"LTR50","FDis"
0.00136655691556547,0.000613418747561763,0.0674724523285798,"LTR612","FDis"
-0.00040700022075354,0.000322576674120749,0.253881301365223,"LTR62","FDis"
0.000620922786208267,0.00050206493898262,0.262394346469234,"LTR65","FDis"
0.000795283398728959,0.0005044304546481,0.165960791066125,"LTR70","FDis"
-4.07164034545507e-05,0.000485360016993232,0.935873533023552,"LTR78","FDis"
0.000566781422863712,0.00105461590428729,0.610308086504151,"LTR787","FDis"
0.000207824389259642,0.00134552734040968,0.882314987375543,"LTR79","FDis"
0.000151163353100154,0.000521298464675405,0.783476419998067,"LTR82","FDis"
-0.00027795363302959,0.00153429145241764,0.862206020174098,"LTR86","FDis"
0.000589963368852406,0.00058291454711884,0.357936645288983,"LTR88","FDis"
0.000948893824474371,0.00039111562961368,0.0514330468960274,"LTR92","FDis"
-0.29304878290825,0.0796528196372161,0.0103420277843567,"LTR1","FEve.SES"
0.217384757573608,0.10180156941324,0.0858179276155617,"LTR105","FEve.SES"
-0.0214770134400878,0.176733353753717,0.907245220799616,"LTR11","FEve.SES"
0.0496416319992512,0.42474846815832,0.910774619145901,"LTR127","FEve.SES"
-0.0787770248086022,0.112165157260557,0.513813455839161,"LTR1282","FEve.SES"
0.0888242812651777,0.162765484640009,0.604938491060097,"LTR13","FEve.SES"
-0.0387086482066195,0.234443943724472,0.874281104884749,"LTR1301","FEve.SES"
-0.108513909462969,0.131488804010316,0.44679011778402,"LTR1319","FEve.SES"
-0.157674474041215,0.0644632234127273,0.0500646736520161,"LTR133","FEve.SES"
0.235037359043614,0.132498008726039,0.126440839966425,"LTR1348","FEve.SES"
-0.0346080985751187,0.127917912273911,0.795803614824738,"LTR137","FEve.SES"
0.102737107758692,0.135705775594724,0.477680959425464,"LTR1438","FEve.SES"
0.114740720655756,0.0578654108814488,0.0946441226788482,"LTR1462","FEve.SES"
-0.0870239402529187,0.460957911798352,0.856481801218049,"LTR161","FEve.SES"
-0.0159741019606492,0.0683031882591354,0.822860938521509,"LTR175","FEve.SES"
-0.151354067127002,0.148607062829864,0.347744213648796,"LTR192","FEve.SES"
-0.209419557717597,0.128034319975546,0.153028996058048,"LTR231","FEve.SES"
0.0705551458806049,0.0992931464792264,0.50401839166468,"LTR245","FEve.SES"
0.0446079503941321,0.0746226450873425,0.571842895565832,"LTR26","FEve.SES"
0.0758054336558454,0.150697769375359,0.632871432323161,"LTR268","FEve.SES"
-0.00748098424975639,0.0881142206818414,0.935634799606297,"LTR325","FEve.SES"
0.0950234489731359,0.127908641201976,0.49094987989926,"LTR327","FEve.SES"
-0.0748220469578227,0.177580933399629,0.688183461219336,"LTR33","FEve.SES"
-0.242667956892926,0.113376544251429,0.0761112891478339,"LTR387","FEve.SES"
-0.16932404824341,0.105660925206809,0.160160148410164,"LTR40","FEve.SES"
0.142025081694421,0.120567081441265,0.291813509454222,"LTR401","FEve.SES"
-0.108553905347768,0.288654883273504,0.71980471523702,"LTR41","FEve.SES"
-0.0345254940799054,0.14647313223164,0.821495657483393,"LTR43","FEve.SES"
0.0832038406041608,0.086700588905387,0.374281193948988,"LTR450","FEve.SES"
-0.103710059373561,0.113169868942757,0.394792192471719,"LTR50","FEve.SES"
-0.180650481263012,0.265754867437281,0.522001799490145,"LTR612","FEve.SES"
-0.2690442320708,0.199630813307931,0.226410559541338,"LTR62","FEve.SES"
-0.161251904557229,0.174590244085108,0.391323590555186,"LTR65","FEve.SES"
-0.183482327335517,0.192568950902705,0.37747511587321,"LTR70","FEve.SES"
0.000289515874789173,0.161807695987904,0.998630384744911,"LTR78","FEve.SES"
-0.207590395026503,0.154852587878336,0.228586189385116,"LTR787","FEve.SES"
0.0757487971911473,0.107927401768616,0.509068504149168,"LTR79","FEve.SES"
-0.0170472890052009,0.182360465036538,0.929151546439479,"LTR82","FEve.SES"
0.033133444004263,0.0506077744857264,0.536929124841901,"LTR86","FEve.SES"
0.480266181727817,0.114573798984111,0.00855723275310395,"LTR88","FEve.SES"
-0.13296087078513,0.109004127858849,0.26831564151954,"LTR92","FEve.SES"
8.70025513967899e-05,0.0175166797144816,0.99619807309275,"LTR1","FEve"
0.0288936806411644,0.0198647800850172,0.20555481896158,"LTR105","FEve"
-0.00852399957502668,0.01346464494596,0.550042730959662,"LTR11","FEve"
-0.0353247094817171,0.0199697788928295,0.127316178404692,"LTR127","FEve"
-0.016577150702617,0.0160595998067192,0.349285577859296,"LTR1282","FEve"
-0.00111429125218304,0.014511310223084,0.941288903543946,"LTR13","FEve"
0.0138487825702869,0.0155381376402654,0.407099132629173,"LTR1301","FEve"
-0.0077251764120801,0.00921990395571711,0.44029960526187,"LTR1319","FEve"
-0.0066704831603279,0.00793646373228362,0.432846770555027,"LTR133","FEve"
0.00949931505639604,0.00641038894936017,0.188888141079201,"LTR1348","FEve"
-0.0219025224560416,0.00880603375683873,0.0473402421517664,"LTR137","FEve"
0.00629257068882896,0.0283182562468203,0.831521810892745,"LTR1438","FEve"
0.000322175519141177,0.0102017492735609,0.975830963990303,"LTR1462","FEve"
-0.00507927188874172,0.01218732671762,0.691348345625091,"LTR161","FEve"
0.00464656663033685,0.0124038295367229,0.720835609981759,"LTR175","FEve"
0.000148163676548448,0.0134168785648461,0.991547102438045,"LTR192","FEve"
-0.02247181363482,0.0133443187106693,0.14316653954404,"LTR231","FEve"
0.0249792101979504,0.00474071281508627,0.00188487515218779,"LTR245","FEve"
0.00100891303687266,0.0412447916669304,0.981277676702064,"LTR26","FEve"
-0.0139190349261375,0.0154036333286935,0.401019203916781,"LTR268","FEve"
0.00441962021595679,0.0110757733035428,0.706339905431634,"LTR325","FEve"
0.0159097061417607,0.0130913655363942,0.278507189283349,"LTR327","FEve"
0.00231164082326689,0.00925969625588955,0.811188742390452,"LTR33","FEve"
-0.028900175456031,0.0101722470793557,0.0295250440772378,"LTR387","FEve"
-0.00129237811331265,0.0088646530024714,0.888861768759264,"LTR40","FEve"
-0.0106958093469886,0.00947641059971926,0.310258992164876,"LTR401","FEve"
-0.0237174567587853,0.0519277081783373,0.663926404987731,"LTR41","FEve"
-0.00417982510478136,0.00734959931627033,0.590185937926223,"LTR43","FEve"
-0.00239465829735611,0.0113700016948878,0.840160557342449,"LTR450","FEve"
-0.00960984453690527,0.00942121645654914,0.347071614439353,"LTR50","FEve"
0.00226172508676699,0.0171390110352962,0.899327143777316,"LTR612","FEve"
-0.00463363636606185,0.012736172249331,0.728470679001825,"LTR62","FEve"
-0.0181111870909621,0.0112304345435942,0.157938950744313,"LTR65","FEve"
-0.0111723113980152,0.0122597421747433,0.397271033991835,"LTR70","FEve"
-0.0131987635582359,0.0122978578221734,0.324412371109793,"LTR78","FEve"
-0.0210420697896229,0.0128798262286687,0.153435673059653,"LTR787","FEve"
-0.0124813324167796,0.0151511499589597,0.441567738458249,"LTR79","FEve"
-0.00966234393357249,0.0323104411686507,0.776934906396357,"LTR82","FEve"
0.0104953857290796,0.00341515246098008,0.0218528400985475,"LTR86","FEve"
0.0409173092081715,0.022998721059756,0.135349569857436,"LTR88","FEve"
-0.0268643357256507,0.00796025683561125,0.0149533625447367,"LTR92","FEve"
-0.00199841818581696,0.00187609059199493,0.327760584502845,"LTR1","FRed"
-0.000674461538743217,0.00122138437549085,0.604578504382596,"LTR105","FRed"
-0.00486999604617673,0.00384896268036654,0.252688361482831,"LTR11","FRed"
0.0059358912503913,0.00242893738466311,0.0502102714285244,"LTR127","FRed"
-0.000669054986418674,0.00242437751758788,0.793614119659893,"LTR1282","FRed"
0.00570385764053576,0.00646452794422159,0.411548543863339,"LTR13","FRed"
-0.00893078536301426,0.00330360160704611,0.0354179197483959,"LTR1301","FRed"
-0.00387251758522374,0.00503410007900042,0.476488755094843,"LTR1319","FRed"
-4.78427661138828e-05,0.00341058757730342,0.989262674828189,"LTR133","FRed"
-0.00286857363958412,0.00214138146190392,0.228885487024004,"LTR1348","FRed"
0.000289533864270118,0.00352582815683161,0.937223816195755,"LTR137","FRed"
0.0012684667272729,0.00325673370125109,0.710362425677076,"LTR1438","FRed"
0.00358813037451944,0.00300900645048373,0.278095926072026,"LTR1462","FRed"
1.26081750650186e-05,0.00265942838353389,0.99637099405523,"LTR161","FRed"
-0.000908090146044923,0.00607523694587269,0.88607736496221,"LTR175","FRed"
-0.00993241688455865,0.00354011638585335,0.0309318246846891,"LTR192","FRed"
0.007724960332671,0.00225150717923064,0.0139537563184439,"LTR231","FRed"
0.00212702729139362,0.00629845727576591,0.747086532388808,"LTR245","FRed"
-9.00788204051721e-05,0.00166769013850679,0.958677489887875,"LTR26","FRed"
0.0016244910400948,0.00373479005961662,0.678799303840187,"LTR268","FRed"
-0.0094229921879796,0.0029425180568582,0.0239320862108908,"LTR325","FRed"
0.000122891793650108,0.00506881191000096,0.981595267566068,"LTR327","FRed"
0.00269386260003739,0.00777734748349427,0.740885949208709,"LTR33","FRed"
-0.00119744057856847,0.00479961112270963,0.811305707847699,"LTR387","FRed"
-0.000240639811567623,0.00569835286318266,0.967685813718899,"LTR40","FRed"
-0.00870119069966197,0.00684689869417124,0.259707145582212,"LTR401","FRed"
0.00320603186527787,0.00133975794825506,0.0538062233936671,"LTR41","FRed"
-0.00289447359867766,0.00146771530972429,0.0960708658710941,"LTR43","FRed"
-0.00193807660722704,0.00474124729079313,0.69689854358721,"LTR450","FRed"
0.00208585233289862,0.00416460528782241,0.634314558445266,"LTR50","FRed"
0.0112781281974062,0.00394195890211489,0.0287622366440617,"LTR612","FRed"
0.00652676379868914,0.00160333715393682,0.00657035953249199,"LTR62","FRed"
-0.000770577398609036,0.00576749955986823,0.898082128974158,"LTR65","FRed"
0.000203799752437663,0.00373642151978164,0.958272506566626,"LTR70","FRed"
0.00908256982524274,0.00592961604704434,0.176472248499223,"LTR78","FRed"
-0.000334484780300772,0.00370374402632358,0.930980306161215,"LTR787","FRed"
0.00424287902923371,0.000546282127577991,0.000239669633926921,"LTR79","FRed"
0.000239716827743796,0.006037886029596,0.96986712416159,"LTR82","FRed"
-0.0073542942752272,0.00117658686546862,0.000777388866422285,"LTR86","FRed"
-0.00687214783266232,0.00201627924128562,0.0190778290208289,"LTR88","FRed"
-0.00390018028017382,0.00599360102293495,0.539329316604227,"LTR92","FRed"
-0.0225735914771845,0.0605789820564894,0.722231663464555,"LTR1","FRic.SES"
0.0718680579200066,0.162543692795407,0.67685314857109,"LTR105","FRic.SES"
-0.115912257404357,0.100015186293299,0.290514313128809,"LTR11","FRic.SES"
-0.175388602768865,0.0385878698481858,0.00391175786964546,"LTR127","FRic.SES"
0.17295186794989,0.0599132966217313,0.0343185516826517,"LTR1282","FRic.SES"
0.0817687061627696,0.117224362647243,0.511575239510436,"LTR13","FRic.SES"
0.135227131949906,0.0895818822989174,0.181900471402132,"LTR1301","FRic.SES"
0.0553615600841944,0.201957787238261,0.794953446390756,"LTR1319","FRic.SES"
0.00610042650342659,0.105685156989376,0.95584391074433,"LTR133","FRic.SES"
0.0456524130163555,0.100734365672141,0.666335482050161,"LTR1348","FRic.SES"
-0.208078284002781,0.369756481890709,0.593996150123528,"LTR137","FRic.SES"
-0.0849940693605677,0.0737983140681128,0.293257690863889,"LTR1438","FRic.SES"
-0.112035109859309,0.256039940660143,0.677010305298977,"LTR1462","FRic.SES"
-0.00686814802175989,0.216784299950066,0.975753295735804,"LTR161","FRic.SES"
-0.0354704063788185,0.106157874959562,0.749651920495297,"LTR175","FRic.SES"
0.14625779738149,0.123605316260351,0.281458083902077,"LTR192","FRic.SES"
-0.157362909801257,0.0831302480194241,0.107210006875201,"LTR231","FRic.SES"
0.0149999406308176,0.154083563003922,0.925619421059197,"LTR245","FRic.SES"
-0.00436198740173017,0.0358786651526585,0.90720427856968,"LTR26","FRic.SES"
-0.0945287057264316,0.116617716484406,0.44855239479228,"LTR268","FRic.SES"
0.17732578535932,0.113629698648296,0.179378112516501,"LTR325","FRic.SES"
0.129803082761449,0.101580689566423,0.257418097108756,"LTR327","FRic.SES"
0.028922864983101,0.0716474825490222,0.700439313032461,"LTR33","FRic.SES"
0.105564958811825,0.186579509724895,0.592050119921417,"LTR387","FRic.SES"
0.091370713784134,0.134283490724927,0.521607568000518,"LTR40","FRic.SES"
0.100263772841056,0.218278021016916,0.665269795151624,"LTR401","FRic.SES"
0.0186618085500965,0.0871121887538634,0.8374647676657,"LTR41","FRic.SES"
0.214664885433739,0.0769532207881508,0.0315962604110188,"LTR43","FRic.SES"
0.0643421522628136,0.15200347489077,0.686833893088469,"LTR450","FRic.SES"
-0.0606752799825296,0.184713711859641,0.753708042244737,"LTR50","FRic.SES"
-0.164572521428135,0.121203818224649,0.223363118457862,"LTR612","FRic.SES"
-0.0451708236447759,0.129205692315039,0.738579752615383,"LTR62","FRic.SES"
-0.0753597533081172,0.0570779188329137,0.234864885092414,"LTR65","FRic.SES"
-0.0413406548899863,0.0828243048028858,0.635452945101077,"LTR70","FRic.SES"
-0.0531907710892461,0.167945400564676,0.762189930765304,"LTR78","FRic.SES"
0.236965633601967,0.109809472693259,0.0742845779002521,"LTR787","FRic.SES"
-0.0158948769559612,0.108202800617191,0.8880234619962,"LTR79","FRic.SES"
0.172959240626219,0.041355679194131,0.00863627288381853,"LTR82","FRic.SES"
-0.0164730202496141,0.146248338787407,0.913992110869649,"LTR86","FRic.SES"
0.101558233187698,0.0495478782528099,0.0956795225627989,"LTR88","FRic.SES"
0.078294371763398,0.138084740369839,0.59127723785164,"LTR92","FRic.SES"
0.00523050206692216,0.00197147208689072,0.037871694736364,"LTR1","FRic"
0.0100895044383543,0.0278435662242646,0.731892519209094,"LTR105","FRic"
0.00232405655273924,0.0106670958256019,0.834749872350986,"LTR11","FRic"
0.00822296585474919,0.00585774383467782,0.209968919749819,"LTR127","FRic"
-0.0043567578645035,0.0161886907510192,0.798586936413379,"LTR1282","FRic"
0.0181110688575654,0.00928729541175285,0.0990465030388607,"LTR13","FRic"
0.00063251870933977,0.00482970056807095,0.900084333165428,"LTR1301","FRic"
0.00815382504944945,0.0102773946592016,0.463528566732317,"LTR1319","FRic"
6.46948698423686e-05,0.0148786100117352,0.996671630502897,"LTR133","FRic"
0.00650767149229574,0.00560943395589568,0.29006799014815,"LTR1348","FRic"
0.00184373371331531,0.00454888686295714,0.699302035191947,"LTR137","FRic"
-0.00113246893433783,0.00435926936846591,0.803714671710448,"LTR1438","FRic"
0.014275013019357,0.0063377956024554,0.0652290704675773,"LTR1462","FRic"
-0.00288359947995672,0.00452193132886538,0.547222941249556,"LTR161","FRic"
-0.0122782627659389,0.00451270448653414,0.0346050160291363,"LTR175","FRic"
0.000326417245400225,0.00948217128648805,0.973655443618854,"LTR192","FRic"
0.00373291766378114,0.00548775895910551,0.521728688213963,"LTR231","FRic"
-0.00106379109418339,0.00934658688480043,0.913096586659623,"LTR245","FRic"
0.0102035600405979,0.00706400805947542,0.198733691083987,"LTR26","FRic"
0.01864854241756,0.00810336492137848,0.0609889092411441,"LTR268","FRic"
0.00721460323272333,0.00965053835612429,0.488356854725853,"LTR325","FRic"
0.0102886406220925,0.00726886279927197,0.216098093556699,"LTR327","FRic"
0.0212066436152217,0.00578905370133796,0.0105388115365438,"LTR33","FRic"
0.00852062409630854,0.00795366625001765,0.325230651297618,"LTR387","FRic"
0.000735232256965863,0.00945374340859232,0.940538478447836,"LTR40","FRic"
0.00623618450713421,0.0181002782189869,0.744462197078623,"LTR401","FRic"
-0.0021979169032036,0.0146987872770752,0.886034703118996,"LTR41","FRic"
-0.00186577413298417,0.00755615450532772,0.813200817806243,"LTR43","FRic"
0.0049421548018622,0.00266274973812678,0.112842360189048,"LTR450","FRic"
0.00700173068055632,0.0177699059642843,0.70718729493301,"LTR50","FRic"
0.00982964736418694,0.00299258719551166,0.0167248255411609,"LTR612","FRic"
-0.000486225766747561,0.0274828021008082,0.986458206872738,"LTR62","FRic"
-0.0109700428885294,0.00670822007414691,0.15310024168564,"LTR65","FRic"
-0.0073892194053444,0.00377555703486563,0.098085940138946,"LTR70","FRic"
0.00876109083825886,0.00708831885877286,0.262653100308598,"LTR78","FRic"
0.00199104888485116,0.0108914482022691,0.860968940002564,"LTR787","FRic"
0.0199473918516055,0.011518760874758,0.134033887875302,"LTR79","FRic"
-0.000808737153889145,0.00978192986292738,0.937316454407489,"LTR82","FRic"
-0.00619419966728644,0.0109125870146862,0.59088363721909,"LTR86","FRic"
0.00246128454664988,0.00116740662361715,0.0888091833338673,"LTR88","FRic"
0.00754931847979849,0.00384316283797627,0.0971077467436162,"LTR92","FRic"
0.00319810424052865,0.0438184995847992,0.944190101355796,"LTR1","insect_abundance"
0.00370610292598508,0.0882827137502908,0.968139497596167,"LTR105","insect_abundance"
0.160205998837821,0.219755091800785,0.493451655674228,"LTR11","insect_abundance"
0.21814700690407,0.0398655092762421,0.00155489515228167,"LTR127","insect_abundance"
0.0137678991585365,0.0610087156137837,0.830391570857768,"LTR1282","insect_abundance"
0.100695128003171,0.102642912526976,0.364467016216626,"LTR13","insect_abundance"
-0.0197959674096224,0.0865474900173127,0.826675788943924,"LTR1301","insect_abundance"
0.0408147945516398,0.127547556774341,0.761910303889094,"LTR1319","insect_abundance"
0.00725041258724111,0.0770125858188526,0.928058576684339,"LTR133","insect_abundance"
0.0176801771655567,0.0419721358600017,0.688255681412512,"LTR1348","insect_abundance"
0.00282496759425892,0.0416832461769324,0.948168957556965,"LTR137","insect_abundance"
0.0198072092167086,0.0697412327508685,0.785949047402205,"LTR1438","insect_abundance"
0.100450020850721,0.0385282305219557,0.0402724569824586,"LTR1462","insect_abundance"
-0.043928226312906,0.0197462073557685,0.0677637158559626,"LTR161","insect_abundance"
-0.0101708895939329,0.0902068779222373,0.913905950613056,"LTR175","insect_abundance"
-0.0482382692222911,0.0577934558701428,0.435871511112933,"LTR192","insect_abundance"
0.0621365146360455,0.11295068318172,0.602098627525837,"LTR231","insect_abundance"
-0.0739646994488277,0.0403058893412891,0.116166834657257,"LTR245","insect_abundance"
0.0439180196937281,0.0375854828984984,0.286933452256036,"LTR26","insect_abundance"
0.233081771034576,0.0422953112714285,0.00149967872994177,"LTR268","insect_abundance"
-0.00983000844148538,0.0401043720685531,0.81611297736758,"LTR325","insect_abundance"
-0.0236775209648898,0.0373869274981053,0.554363364825583,"LTR327","insect_abundance"
0.0188643870869879,0.0373878309816639,0.631858373111673,"LTR33","insect_abundance"
0.0248227422911704,0.0603376481351268,0.695072482930657,"LTR387","insect_abundance"
0.183884909004208,0.224861583320277,0.444742138078009,"LTR40","insect_abundance"
-0.0771868727137489,0.0362023560421304,0.0861752123922466,"LTR401","insect_abundance"
-0.121761635761089,0.0437259990927022,0.0318011778068387,"LTR41","insect_abundance"
-0.0685990495252474,0.0268052221686349,0.0429568238669667,"LTR43","insect_abundance"
-0.0829955793853068,0.055985416206186,0.188737240301283,"LTR450","insect_abundance"
0.129666519020781,0.112928709464248,0.294588785374588,"LTR50","insect_abundance"
0.176467705355759,0.0880064651040923,0.0917668842820809,"LTR612","insect_abundance"
-0.00800255099439077,0.0578183094154408,0.894445943592447,"LTR62","insect_abundance"
-0.0188118258401905,0.137151961641387,0.895390844284794,"LTR65","insect_abundance"
-0.0148855708142179,0.0271016753504594,0.602660432744424,"LTR70","insect_abundance"
0.128203651436533,0.0814581145374068,0.16658465697516,"LTR78","insect_abundance"
-0.0814345622693781,0.0635019780599799,0.247018530750213,"LTR787","insect_abundance"
0.124028906955891,0.107385501677536,0.29201197366326,"LTR79","insect_abundance"
0.0580471732498441,0.0442026224518627,0.246146887674474,"LTR82","insect_abundance"
-0.064752055245748,0.0368471871921285,0.129375176320992,"LTR86","insect_abundance"
-0.119666882204353,0.0647516395625509,0.123852424951641,"LTR88","insect_abundance"
0.0917289375325073,0.0275083172098234,0.015716888547049,"LTR92","insect_abundance"
0.0434849963230112,0.0560111810005949,0.467026714993419,"LTR1","insect_spp_richness"
0.106430058852282,0.176804202632182,0.573449685399144,"LTR105","insect_spp_richness"
0.223606797687538,0.197859189807323,0.301564947534235,"LTR11","insect_spp_richness"
0.0655952532227345,0.0235748677775543,0.0318948222659089,"LTR127","insect_spp_richness"
0.0957904688971302,0.148150059908634,0.546409605786988,"LTR1282","insect_spp_richness"
0.121001556582786,0.0917998802114607,0.235553802080134,"LTR13","insect_spp_richness"
-0.0102011625791898,0.0642529762875977,0.87906268990652,"LTR1301","insect_spp_richness"
0.135102907316821,0.0995279311616322,0.23269605399393,"LTR1319","insect_spp_richness"
0.0784533839957117,0.114199976183493,0.51775104210484,"LTR133","insect_spp_richness"
0.0202488422114756,0.0589756129031985,0.743051538016286,"LTR1348","insect_spp_richness"
-0.00724784829875352,0.0409887893224582,0.865463611597152,"LTR137","insect_spp_richness"
-0.0105449786330556,0.0977708735082476,0.917627737466322,"LTR1438","insect_spp_richness"
0.089346488565151,0.0612790563792298,0.195106099616397,"LTR1462","insect_spp_richness"
-0.00179433969659952,0.0661651366017986,0.979244222861644,"LTR161","insect_spp_richness"
-0.0644153247773116,0.0706026334814526,0.396754066975652,"LTR175","insect_spp_richness"
0.0152229770583025,0.101520737672141,0.885718178059518,"LTR192","insect_spp_richness"
0.0609887500030044,0.106922713991524,0.589112814507887,"LTR231","insect_spp_richness"
0.0383723317662663,0.1245187436337,0.768374884986549,"LTR245","insect_spp_richness"
-0.00396991847734578,0.0437382457937624,0.930633320022702,"LTR26","insect_spp_richness"
0.207661635374841,0.144498698630211,0.200715899733797,"LTR268","insect_spp_richness"
0.0915719498857996,0.190526874589921,0.651075586939969,"LTR325","insect_spp_richness"
0.0669916129643164,0.088743338895876,0.484332303704833,"LTR327","insect_spp_richness"
0.136849932406884,0.0679781644819679,0.090758148364962,"LTR33","insect_spp_richness"
0.0958845986870834,0.0786025685869598,0.268284739019243,"LTR387","insect_spp_richness"
0.244948974180847,0.26361109292863,0.388637012922934,"LTR40","insect_spp_richness"
-0.0330303389242384,0.0585379574219834,0.59695115423569,"LTR401","insect_spp_richness"
-0.0880536461523602,0.0932994372595817,0.38171902250986,"LTR41","insect_spp_richness"
-0.0581925172348844,0.0642818080668484,0.4002108885606,"LTR43","insect_spp_richness"
0.0585786437318856,0.0934979250357844,0.554045153127006,"LTR450","insect_spp_richness"
0.174806409788184,0.0919321897240326,0.105953480853776,"LTR50","insect_spp_richness"
0.145461575005488,0.113114506186392,0.245849321828935,"LTR612","insect_spp_richness"
0.0426631932777922,0.066561714838415,0.545238556422566,"LTR62","insect_spp_richness"
-0.0426842284509914,0.139825508460125,0.770475123214773,"LTR65","insect_spp_richness"
-0.0433483330094897,0.0561903138906608,0.469719039859406,"LTR70","insect_spp_richness"
0.123011108260572,0.0564194824482342,0.0720320333366062,"LTR78","insect_spp_richness"
-0.0568176203889175,0.0473124499026086,0.275042088439854,"LTR787","insect_spp_richness"
0.123292664228631,0.0834441460830169,0.190000031110521,"LTR79","insect_spp_richness"
-0.0379783549057221,0.0524668516274136,0.50159300588937,"LTR82","insect_spp_richness"
-0.103527618186757,0.197372389243548,0.618716416871821,"LTR86","insect_spp_richness"
0.0287200205784286,0.142376436195105,0.848086576394025,"LTR88","insect_spp_richness"
0.130621423264841,0.0707115942710527,0.114225933428831,"LTR92","insect_spp_richness"
0.140010606963973,0.18409897535353,0.475758893076534,"LTR1","mollusc_abundance"
-0.0632680744256665,0.139717040826475,0.669643187132018,"LTR105","mollusc_abundance"
0.0375607712971853,0.0731546427345815,0.625993348239598,"LTR11","mollusc_abundance"
-0.0194014358714083,0.0869574808901231,0.830848675260672,"LTR127","mollusc_abundance"
-0.066714710546671,0.0752593244816843,0.415962154564018,"LTR1282","mollusc_abundance"
0.088518856705563,0.0638421624287895,0.214908080047472,"LTR13","mollusc_abundance"
0.144715802905153,0.226639950666074,0.546714813062463,"LTR1301","mollusc_abundance"
-0.0332269230075928,0.113327094642276,0.781152197881484,"LTR1319","mollusc_abundance"
-0.0942367115777306,0.0543414238626336,0.133584600359589,"LTR133","mollusc_abundance"
0.131489555219866,0.11717502585305,0.304682199391223,"LTR1348","mollusc_abundance"
-0.0684730140072838,0.0524545508547412,0.239583515188319,"LTR137","mollusc_abundance"
-0.094066606997314,0.0974315248313547,0.371597651295106,"LTR1438","mollusc_abundance"
0.127114552027588,0.0245506633898072,0.00205905437600384,"LTR1462","mollusc_abundance"
-0.0292541501587455,0.0488370096377658,0.571070727631875,"LTR161","mollusc_abundance"
-0.059682611507374,0.201491112373849,0.777058688900826,"LTR175","mollusc_abundance"
0.0218419313737264,0.0866161740013483,0.809326182281056,"LTR192","mollusc_abundance"
0.143428084556749,0.115177083291921,0.259454286644898,"LTR231","mollusc_abundance"
0.0212383129359068,0.067266377701376,0.762898073530904,"LTR245","mollusc_abundance"
0.192129515248152,0.151023496013136,0.250386777953359,"LTR26","mollusc_abundance"
0.00629425804437065,0.0770286003557246,0.937532401142935,"LTR268","mollusc_abundance"
-0.0497668234860886,0.0508331826598251,0.372531077497197,"LTR325","mollusc_abundance"
-0.00225846516191888,0.11938810782163,0.985638986234158,"LTR327","mollusc_abundance"
0.135207598608797,0.0806356013717061,0.144600549258637,"LTR33","mollusc_abundance"
0.132728972662248,0.125776869479929,0.331927891939484,"LTR387","mollusc_abundance"
0.0180847667639291,0.0881313347742133,0.844198595531533,"LTR40","mollusc_abundance"
-0.0521755594104549,0.0245139697281933,0.0865792581843319,"LTR401","mollusc_abundance"
0.0467080623480768,0.160694764884081,0.781094113055255,"LTR41","mollusc_abundance"
0.013190230301391,0.117763120226874,0.914471471191402,"LTR43","mollusc_abundance"
0.133240513129489,0.0934461549221811,0.203799356981126,"LTR450","mollusc_abundance"
0.0232312471470061,0.0960010300000292,0.816847057079365,"LTR50","mollusc_abundance"
-0.0213267903608467,0.0475910623484719,0.669789605996394,"LTR612","mollusc_abundance"
0.0126694494975211,0.105133752946701,0.908014969948719,"LTR62","mollusc_abundance"
-0.0508558728461664,0.109672945705053,0.659204609282384,"LTR65","mollusc_abundance"
-0.00528669168174519,0.0442558025562122,0.908812240376684,"LTR70","mollusc_abundance"
0.0424127043723971,0.0139844977438973,0.0230137902062686,"LTR78","mollusc_abundance"
0.0139371562781972,0.0956822031146398,0.888959402288175,"LTR787","mollusc_abundance"
0.17711306843233,0.0301654808994633,0.00108034885146494,"LTR79","mollusc_abundance"
0.0337370962553766,0.0279215710859206,0.280962366174154,"LTR82","mollusc_abundance"
0.100213735715588,0.029065470919205,0.0136687069307876,"LTR86","mollusc_abundance"
0.101064803522966,0.106806494170192,0.387474874775233,"LTR88","mollusc_abundance"
0.0922505446526177,0.0488083035860798,0.107643390201609,"LTR92","mollusc_abundance"
0.192390922901092,0.0627615022143179,0.0220709047121243,"LTR1","mollusc_spp_richness"
0.0168403653867909,0.193330075950137,0.933967522697079,"LTR105","mollusc_spp_richness"
0.0236067981149389,0.172064769726566,0.895363054571679,"LTR11","mollusc_spp_richness"
0.0546310262596422,0.0355727998534891,0.175504713847153,"LTR127","mollusc_spp_richness"
-0.041794729650393,0.0667904613732886,0.558923709565045,"LTR1282","mollusc_spp_richness"
0.0882893464144505,0.0686993033027434,0.246114287160354,"LTR13","mollusc_spp_richness"
0.141421356136877,0.209047179350892,0.523928300423549,"LTR1301","mollusc_spp_richness"
0.0174913813957722,0.134434168867158,0.901550991731354,"LTR1319","mollusc_spp_richness"
0.0268406123997162,0.0864662506288447,0.766743821312945,"LTR133","mollusc_spp_richness"
0.156597320520585,0.0756757380967408,0.0839664119645376,"LTR1348","mollusc_spp_richness"
0.129011502736767,0.148694477011402,0.418941334397773,"LTR137","mollusc_spp_richness"
-0.106794966677604,0.0804542904047272,0.232647463796801,"LTR1438","mollusc_spp_richness"
0.113747503002383,0.0373047979203592,0.0225368240117496,"LTR1462","mollusc_spp_richness"
0.0240388559810852,0.0682089632223594,0.736565388588164,"LTR161","mollusc_spp_richness"
-0.13256571878811,0.118374758102003,0.305580015112898,"LTR175","mollusc_spp_richness"
0.11975787480878,0.0478824974582046,0.0464604089124715,"LTR192","mollusc_spp_richness"
0.233477388372148,0.108978660633486,0.0758969911871644,"LTR231","mollusc_spp_richness"
-0.00513400983081699,0.0660968022051626,0.94061280670416,"LTR245","mollusc_spp_richness"
0.213295901513083,0.218328394980939,0.366323400042752,"LTR26","mollusc_spp_richness"
0.032278253971799,0.152586100156213,0.83946739944508,"LTR268","mollusc_spp_richness"
-0.0226531012099522,0.0787572804690626,0.78516900889969,"LTR325","mollusc_spp_richness"
0.0728239051230095,0.0601244914271317,0.279929815165718,"LTR327","mollusc_spp_richness"
0.20872550874438,0.102969175925429,0.0890245867652969,"LTR33","mollusc_spp_richness"
0.162693265075028,0.171071315628344,0.378311526936736,"LTR387","mollusc_spp_richness"
-0.0274163603094199,0.110018419133549,0.811519152881914,"LTR40","mollusc_spp_richness"
0.12412880897912,0.117358293980546,0.338596495294475,"LTR401","mollusc_spp_richness"
0.137377300563779,0.191482784620641,0.50006815229867,"LTR41","mollusc_spp_richness"
0.0876537773248248,0.101574081393396,0.421311931379164,"LTR43","mollusc_spp_richness"
0.160269978354977,0.104397932178627,0.175641334776773,"LTR450","mollusc_spp_richness"
0.175166267573704,0.0680222176028779,0.0420436917472474,"LTR50","mollusc_spp_richness"
0.132366333477978,0.0533261907811338,0.0476629905151618,"LTR612","mollusc_spp_richness"
0.0866028605287099,0.130947287235888,0.532942800252879,"LTR62","mollusc_spp_richness"
-0.149768061522787,0.0848683856486213,0.128058036649949,"LTR65","mollusc_spp_richness"
0.0953546967245548,0.0532825275624313,0.123720463218259,"LTR70","mollusc_spp_richness"
-0.00739462518619919,0.0451830767268974,0.875373071842197,"LTR78","mollusc_spp_richness"
0.120412190726449,0.0554159693567246,0.0727724213809772,"LTR787","mollusc_spp_richness"
0.0976939162703413,0.0333557930261834,0.0263266186736096,"LTR79","mollusc_spp_richness"
0.0496228208832699,0.0559597988397471,0.415818117650848,"LTR82","mollusc_spp_richness"
0.0704237641329957,0.0651009190553014,0.32090679311709,"LTR86","mollusc_spp_richness"
0.2048274737871,0.109440216935893,0.120167439409954,"LTR88","mollusc_spp_richness"
0.0968889288423339,0.0802836471595684,0.272913218763119,"LTR92","mollusc_spp_richness"
0.0158639201819907,0.0628450802139237,0.809134533088538,"LTR1","shannonsH"
-0.030970083521393,0.208333677331475,0.887634444583008,"LTR105","shannonsH"
0.0747803829025668,0.0778165459133638,0.373671215502608,"LTR11","shannonsH"
0.0481118098508045,0.053126032618627,0.400042440669918,"LTR127","shannonsH"
-0.100037115971904,0.0561211187884865,0.134756539815451,"LTR1282","shannonsH"
-0.0141613107060164,0.0572215719214256,0.812786422319281,"LTR13","shannonsH"
0.107459884205185,0.246153731936289,0.6777050923317,"LTR1301","shannonsH"
0.0139095444964096,0.122664127795653,0.914129435775886,"LTR1319","shannonsH"
0.0193352405783416,0.0816303860229004,0.820642603572347,"LTR133","shannonsH"
0.0458517170150712,0.0470433819280118,0.367366118662787,"LTR1348","shannonsH"
-0.017082407146048,0.0640881035569928,0.798742714655135,"LTR137","shannonsH"
0.0303776130581993,0.0534072342589938,0.590136630436934,"LTR1438","shannonsH"
0.10108013762161,0.0539968245352117,0.110377808355143,"LTR1462","shannonsH"
-0.00710641315605014,0.0425072502567024,0.872719681887672,"LTR161","shannonsH"
0.0083871219100972,0.0546469525425776,0.883052903718269,"LTR175","shannonsH"
-0.0141476140769149,0.0496305309660299,0.785183117514558,"LTR192","shannonsH"
0.107054168001772,0.0630720677150579,0.140556598492251,"LTR231","shannonsH"
0.0290683884114472,0.0445163477696722,0.53796881578346,"LTR245","shannonsH"
0.0142159161005797,0.0690554628121513,0.843705766256693,"LTR26","shannonsH"
0.0732363984520236,0.0724256881766652,0.350950044183373,"LTR268","shannonsH"
-0.0753271471872225,0.118493032344817,0.552919394919939,"LTR325","shannonsH"
0.0118779095794269,0.068483098721456,0.869106377223334,"LTR327","shannonsH"
0.131053376364032,0.13285280646752,0.36200339107754,"LTR33","shannonsH"
-0.0180309116670062,0.0702166278885525,0.805919729277192,"LTR387","shannonsH"
0.119675794898379,0.112186918306566,0.327113950750702,"LTR40","shannonsH"
-0.182995878870787,0.151601807766025,0.281384494148776,"LTR401","shannonsH"
-0.00895110702584498,0.0867675716308767,0.921196144432338,"LTR41","shannonsH"
-0.0777146195703388,0.0427794405211382,0.119174631852894,"LTR43","shannonsH"
-0.0142102358216181,0.0527815403334669,0.79677363538366,"LTR450","shannonsH"
0.14776275621188,0.19779385528021,0.483267524419292,"LTR50","shannonsH"
0.171961918352685,0.0366332128442869,0.00334638857282692,"LTR612","shannonsH"
0.0550552492370386,0.112705199480403,0.642542649160873,"LTR62","shannonsH"
-0.0257203866142855,0.0620321885149316,0.692829407868451,"LTR65","shannonsH"
0.0244396862148421,0.0220526259332399,0.310193244237455,"LTR70","shannonsH"
0.109578328463121,0.0170979108148586,0.000680624980842378,"LTR78","shannonsH"
0.00688447238060166,0.0769362545524016,0.931610443884816,"LTR787","shannonsH"
0.103389741860698,0.0327236819216395,0.0195779838494858,"LTR79","shannonsH"
-0.108661276170373,0.0535187594671836,0.0980686676557956,"LTR82","shannonsH"
-0.104002519502384,0.133982444692532,0.467094001976624,"LTR86","shannonsH"
0.0424904089636815,0.0308690165349812,0.227120531119481,"LTR88","shannonsH"
0.0478020247444349,0.074226997373623,0.543394421360639,"LTR92","shannonsH"
0.0385134250655631,0.0724395454807629,0.614058688430489,"LTR1","spp_rich_rare"
0.0690980030439705,0.257382208295529,0.799066166143752,"LTR105","spp_rich_rare"
0.0898560540310027,0.0786745609260827,0.296923511259022,"LTR11","spp_rich_rare"
0.0259519193594552,0.0615256136630553,0.687861252712926,"LTR127","spp_rich_rare"
-0.125829514470657,0.208886094896331,0.573192621863089,"LTR1282","spp_rich_rare"
-0.0151611309329254,0.0362151311395933,0.690050733971452,"LTR13","spp_rich_rare"
-0.05506021876968,0.0708827186763967,0.466798767420393,"LTR1301","spp_rich_rare"
0.121497303415013,0.225836305193857,0.613659225367977,"LTR1319","spp_rich_rare"
0.0391974033285421,0.143368868782167,0.793711275142096,"LTR133","spp_rich_rare"
0.0724736827470006,0.0871782409346014,0.437614098889698,"LTR1348","spp_rich_rare"
0.0955228595226311,0.193019539540716,0.63827759255191,"LTR137","spp_rich_rare"
-0.0712195636560688,0.0381930712942938,0.111491169304994,"LTR1438","spp_rich_rare"
0.0953807014467734,0.0640607670951206,0.187085344609841,"LTR1462","spp_rich_rare"
0.0580400328771731,0.0708453501593559,0.443959798695701,"LTR161","spp_rich_rare"
-0.0653827337519146,0.0639927245049954,0.346328831157356,"LTR175","spp_rich_rare"
-0.0237060378031043,0.0808547719429273,0.779251081687067,"LTR192","spp_rich_rare"
0.126821868519813,0.0712160264909174,0.125236982292377,"LTR231","spp_rich_rare"
0.037497564731425,0.0721598475728433,0.621916264091023,"LTR245","spp_rich_rare"
0.118484849752225,0.10970831186525,0.321631279200196,"LTR26","spp_rich_rare"
0.0261171804058811,0.075206973936235,0.740244837348539,"LTR268","spp_rich_rare"
0.0171384278126238,0.25060574223752,0.948127420090514,"LTR325","spp_rich_rare"
0.118564798386447,0.10185068021055,0.296903390783151,"LTR327","spp_rich_rare"
0.235893872062669,0.104477343920918,0.0647393338669137,"LTR33","spp_rich_rare"
-0.0510456992431256,0.0692839901615997,0.489063050835959,"LTR387","spp_rich_rare"
0.0805532148160586,0.0923893248807952,0.416788979588776,"LTR40","spp_rich_rare"
-0.0470640967487141,0.12008844889763,0.711270448468855,"LTR401","spp_rich_rare"
-0.0224933703817599,0.156968723979321,0.890745952237845,"LTR41","spp_rich_rare"
-0.0896834623909413,0.0600302929331888,0.185800734974208,"LTR43","spp_rich_rare"
-0.00995236061822193,0.0453366430486796,0.833521615545272,"LTR450","spp_rich_rare"
0.120890783026484,0.0650384064136562,0.112416836319722,"LTR50","spp_rich_rare"
0.124876004053455,0.0425860405430864,0.0262078178934808,"LTR612","spp_rich_rare"
0.0285516821950735,0.294939300549724,0.92603363417605,"LTR62","spp_rich_rare"
-0.0622662306621792,0.0631038453938842,0.361880847132205,"LTR65","spp_rich_rare"
-0.0489482268426374,0.0699508340139099,0.510287698852132,"LTR70","spp_rich_rare"
0.0837445530464475,0.0180248822618572,0.00351816900763765,"LTR78","spp_rich_rare"
-0.0626837393962124,0.0880151362749717,0.503085213217967,"LTR787","spp_rich_rare"
0.0548915745797387,0.0264901249484056,0.0836379790814981,"LTR79","spp_rich_rare"
-0.11695135631842,0.161218505162793,0.500711223920703,"LTR82","spp_rich_rare"
-0.11018786316259,0.097061812776404,0.299582517370466,"LTR86","spp_rich_rare"
0.040029372323401,0.0650984908925106,0.565520897823559,"LTR88","spp_rich_rare"
-0.0208068584741678,0.0926393079821632,0.829743306406943,"LTR92","spp_rich_rare"
0.0725726915342818,0.0432375159595144,0.144263351090989,"LTR1","spp_richness"
0.0983071978574972,0.315758436633216,0.768107112599281,"LTR105","spp_richness"
0.182638464383455,0.17228062219558,0.329887725621554,"LTR11","spp_richness"
0.192267691934563,0.0311103591323791,0.000825373018908894,"LTR127","spp_richness"
-0.128662694084467,0.247361085542112,0.625166157220379,"LTR1282","spp_richness"
0.22601992230647,0.066453583993638,0.0144750645604127,"LTR13","spp_richness"
-0.0677368946746184,0.0450080288088347,0.183030214319295,"LTR1301","spp_richness"
0.123855862224543,0.236189195269886,0.622413904565043,"LTR1319","spp_richness"
0.00645604510604765,0.224386938558431,0.977979623994209,"LTR133","spp_richness"
0.0400799957310516,0.0648299503387716,0.559143447588239,"LTR1348","spp_richness"
0.0919286081528359,0.119625669969515,0.471363005322588,"LTR137","spp_richness"
0.024559665993995,0.0947001151254734,0.804040522788069,"LTR1438","spp_richness"
0.243724920689,0.0912801082806642,0.0370227727724354,"LTR1462","spp_richness"
0.0529912252578693,0.075709490523313,0.510185001488496,"LTR161","spp_richness"
-0.0559123348637831,0.11703994465028,0.64975520414501,"LTR175","spp_richness"
-0.0798677671513203,0.18256521381759,0.677074497485413,"LTR192","spp_richness"
0.207951326735639,0.116106614885192,0.123475340562493,"LTR231","spp_richness"
-0.0226256320748471,0.113665281874036,0.848793875157172,"LTR245","spp_richness"
0.162733011733111,0.10900826549955,0.186084317379152,"LTR26","spp_richness"
0.306757350373339,0.123868103558279,0.0480336668452244,"LTR268","spp_richness"
0.0182735538289191,0.192123353215719,0.927918813387885,"LTR325","spp_richness"
0.0842614157889757,0.108807772046207,0.473699860005691,"LTR327","spp_richness"
0.278306425748454,0.127577941438263,0.0719162230732557,"LTR33","spp_richness"
0.100579938230082,0.206041889389076,0.642767135557666,"LTR387","spp_richness"
0.141421356187891,0.227154196779811,0.556467361807531,"LTR40","spp_richness"
0.0123879595147241,0.0932575536074472,0.899503548462439,"LTR401","spp_richness"
-0.0375031293742194,0.257895023855627,0.889141443427064,"LTR41","spp_richness"
-0.0918719537856031,0.0658472693096771,0.212403590441208,"LTR43","spp_richness"
0.0365171482809771,0.072384108695494,0.631903587887724,"LTR450","spp_richness"
0.264421202287185,0.104486863342988,0.0446396381227092,"LTR50","spp_richness"
0.258286610867424,0.108571649001617,0.0548465877342479,"LTR612","spp_richness"
-0.0111277185781984,0.394160086361183,0.978393131036588,"LTR62","spp_richness"
-0.0799636011596964,0.115162098115608,0.513432179185207,"LTR65","spp_richness"
-0.0675956534686555,0.0768739839222754,0.413062430714522,"LTR70","spp_richness"
0.11023306843295,0.0654208964735657,0.142972324432199,"LTR78","spp_richness"
-0.114388846396768,0.153064765330103,0.483116798469023,"LTR787","spp_richness"
0.219702506652171,0.0630522448475055,0.0130713904264698,"LTR79","spp_richness"
-0.108360417659263,0.113808104222002,0.38475427406687,"LTR82","spp_richness"
-0.122398991150801,0.110256811189546,0.309443085510249,"LTR86","spp_richness"
0.0525325491566686,0.0653578116752272,0.458023824188229,"LTR88","spp_richness"
0.111733690065796,0.0673033966683974,0.147952569107451,"LTR92","spp_richness"
-0.0185323760620007,0.0502065530644961,0.727151975373691,"LTR1","turnover"
-0.00658205493217129,0.0237215396081557,0.795168079935097,"LTR105","turnover"
0.0159236092840633,0.0333320295900169,0.652998443230151,"LTR11","turnover"
-0.0103488425807365,0.0471517122080412,0.83495511905564,"LTR127","turnover"
0.0680919427211112,0.0199488650371648,0.0269449173451731,"LTR1282","turnover"
-0.0076606887696868,0.023993439165758,0.762420487707103,"LTR13","turnover"
-0.010436164239108,0.0164901579414594,0.554627136743697,"LTR1301","turnover"
-0.00417108540762425,0.0673219633926979,0.953569168069203,"LTR1319","turnover"
-0.00767265358124093,0.0221726587723483,0.743396917165842,"LTR133","turnover"
-0.0169291334432659,0.0189464244794357,0.412513051753424,"LTR1348","turnover"
0.0148125148861697,0.0219013137171965,0.528846941417823,"LTR137","turnover"
-0.00904809100136362,0.0188387286878492,0.651296276282932,"LTR1438","turnover"
-0.0285632000445606,0.0156816264797913,0.128170855196387,"LTR1462","turnover"
0.00479964177681444,0.0430661939725737,0.915596741546593,"LTR161","turnover"
-0.0304767436323839,0.0253416036617538,0.282955557424383,"LTR175","turnover"
0.0155596600766352,0.00339447350607867,0.00592682311019848,"LTR192","turnover"
-0.0136893283347717,0.0276006653153681,0.640939542191472,"LTR231","turnover"
0.0234629945600456,0.0236713504399953,0.367101759221918,"LTR245","turnover"
0.0135632246913617,0.0304972059226996,0.67510129821956,"LTR26","turnover"
-0.0069435897501536,0.0408941866401572,0.871828269312658,"LTR268","turnover"
0.0113706532098268,0.0361851855780514,0.769049528703348,"LTR325","turnover"
-8.82552088917197e-05,0.0202100334175801,0.996724837493735,"LTR327","turnover"
0.0014866011108971,0.0471874703733951,0.976086375071279,"LTR33","turnover"
0.0370663511316227,0.0374289165719688,0.367494079805796,"LTR387","turnover"
-0.0297755635618402,0.078514453541343,0.720083823802058,"LTR40","turnover"
1.28260897028995e-05,0.0714883293725878,0.99986543863457,"LTR401","turnover"
0.020597855526032,0.0253344497408379,0.453155856323547,"LTR41","turnover"
0.0127606696048044,0.0181502939567757,0.513398396717209,"LTR43","turnover"
-0.0124547433657696,0.0296523792584909,0.6919058754496,"LTR450","turnover"
-0.0388082440269042,0.0193202980702621,0.100816374017415,"LTR50","turnover"
0.00753400060063051,0.0436036273503115,0.869597906397406,"LTR612","turnover"
-0.00221788709904969,0.0349951966503807,0.951922025213056,"LTR62","turnover"
0.0427108800291281,0.0229168998722307,0.121387748790152,"LTR65","turnover"
-0.0148357230893569,0.0239279080216545,0.562407173244345,"LTR70","turnover"
0.00635810290890846,0.0171856095752967,0.72656094197892,"LTR78","turnover"
0.0636712577058243,0.0164077323456912,0.0116352770526702,"LTR787","turnover"
-0.0253955429968454,0.0241844416908134,0.341762991443196,"LTR79","turnover"
0.0238317700956992,0.0244754545136994,0.385340840393417,"LTR82","turnover"
0.0611447293371607,0.0377669694128376,0.16637206958782,"LTR86","turnover"
-0.0187802041980444,0.0372008781054954,0.640219877422055,"LTR88","turnover"
0.015516848723752,0.0167454626786822,0.396644493227343,"LTR92","turnover"
